"","well_number","county_parish","well_type","approved_date","permit_status","field","surface_latitude","surface_longitude","formation","formation_depth","expired_date","state_province","api_10","orig_approved_date","lease_name","lease_number","lease_type","township","section","range","drill_type","operator_alias","true_vertical_depth","permit_depth_uom","ofs_region"
"1","003H","EDDY","Oil","2017-07-06","active","PURPLE SAGE",32.28311276,-104.26755509,"WOLFCAMP (GAS)",NA,"2018-07-06","New Mexico","3001544284","2017-07-06","MCCORD ENTERPRISES 23 WCA","318103","Private",NA,NA,NA,"H","CHISHOLM ENERGY OPERATING, LLC",NA,"ft.","PERMIAN BASIN"
"2","004H","EDDY","Oil","2017-07-06","active","PURPLE SAGE",32.28311276,-104.26735672,"WOLFCAMP (GAS)",NA,"2018-07-06","New Mexico","3001544283","2017-07-06","MCCORD ENTERPRISES 23 WCA","318103","Private",NA,NA,NA,"H","CHISHOLM ENERGY OPERATING, LLC",NA,"ft.","PERMIAN BASIN"
"3","002H","EDDY","Oil","2017-07-06","active","PURPLE SAGE",32.28311275,-104.26774583,"WOLFCAMP (GAS)",NA,"2018-07-06","New Mexico","3001544282","2017-07-06","MCCORD ENTERPRISES 23 WCA","318103","Private",NA,NA,NA,"H","CHISHOLM ENERGY OPERATING, LLC",NA,"ft.","PERMIAN BASIN"
"4","001","LEA","Oil","2017-07-07","active","EUMONT",32.51711644,-103.3276348,"YATES-7 RVRS-QUEEN (OIL)",NA,"2018-07-07","New Mexico","3002543889","2017-07-07","EUMONT 1 STATE","318322","State Lease",NA,NA,NA,"V","CAMBRIAN MANAGEMENT",NA,"ft.","PERMIAN BASIN"
"5","004H","EDDY","Oil","2017-07-03","active","CEDAR CANYON",32.25281716,-103.96544154,"BONE SPRING",NA,"2018-07-03","New Mexico","3001544300","2017-07-03","KNOLL AOK FEDERAL","15751","Federal Lands",NA,NA,NA,"H","EOG Y RESOURCES",8924,"ft.","PERMIAN BASIN"
"6","002H","EDDY","Oil","2017-07-03","active","COTTON DRAW",32.22627145,-103.82327061,"BONE SPRING",NA,"2018-07-03","New Mexico","3001544299","2017-07-03","PALLADIUM MDP1 7 6 FEDERAL COM","317687","Federal Lands",NA,NA,NA,"H","OXY USA",10024,"ft.","PERMIAN BASIN"
"7","001H","EDDY","Oil","2017-07-03","active","COTTON DRAW",32.22627145,-103.82346898,"BONE SPRING",NA,"2018-07-03","New Mexico","3001544298","2017-07-03","PALLADIUM MDP1 7 6 FEDERAL COM","317687","Federal Lands",NA,NA,NA,"H","OXY USA",10012,"ft.","PERMIAN BASIN"
"8","003","EDDY","Disposal","2017-07-14","active","SWD",32.28835999,-104.14052857,"DEVONIAN",NA,"2018-07-14","New Mexico","3001544303","2017-07-14","RUSTLER BREAKS SWD","318050","Private",NA,NA,NA,"V","BLACK RIVER WATER MGMT",NA,"ft.","PERMIAN BASIN"
"9","003H","EDDY","Oil","2017-07-03","active","COTTON DRAW",32.22413525,-103.81837994,"BONE SPRING",NA,"2018-07-03","New Mexico","3001544292","2017-07-03","PALLADIUM MDP1 7 6 FEDERAL COM","317687","Federal Lands",NA,NA,NA,"H","OXY USA",10038,"ft.","PERMIAN BASIN"
"10","002H","EDDY","Gas","2017-07-06","active","PURPLE SAGE",32.28230438,-104.25356226,"WOLFCAMP (GAS)",NA,"2018-07-06","New Mexico","3001544302","2017-07-06","GHOSTRIDER 25 36 W2DM FEDERAL COM","318327","Federal Lands",NA,NA,NA,"H","MEWBOURNE",8793,"ft.","PERMIAN BASIN"
"11","001H","EDDY","Gas","2017-07-06","active","PURPLE SAGE",32.28230437,-104.25372248,"WOLFCAMP (GAS)",NA,"2018-07-06","New Mexico","3001544301","2017-07-06","GHOSTRIDER 25 36 W2DM FEDERAL COM","318327","Federal Lands",NA,NA,NA,"H","MEWBOURNE",9386,"ft.","PERMIAN BASIN"
"12","001H","EDDY","Gas","2017-07-07","active","PURPLE SAGE",32.28316148,-104.0809405,"WOLFCAMP (GAS)",NA,"2018-07-07","New Mexico","3001544290","2017-07-07","RUSH 22 W2MD FEE","318319","Private",NA,NA,NA,"H","MEWBOURNE",NA,"ft.","PERMIAN BASIN"
"13","001H","EDDY","Gas","2017-07-07","active","PURPLE SAGE",32.2698794,-104.04141821,"WOLFCAMP (GAS)",NA,"2018-07-07","New Mexico","3001544289","2017-07-07","RAY 25 W2NC FEE","318320","Private",NA,NA,NA,"H","MEWBOURNE",NA,"ft.","PERMIAN BASIN"
"14","004H","EDDY","Oil","2017-07-03","active","COTTON DRAW",32.22408567,-103.81784586,"BONE SPRING",NA,"2018-07-03","New Mexico","3001544295","2017-07-03","PALLADIUM MDP1 7 6 FEDERAL COM","317687","Federal Lands",NA,NA,NA,"H","OXY USA",10048,"ft.","PERMIAN BASIN"
"15","005H","EDDY","Oil","2017-07-03","active","COTTON DRAW",32.22540556,-103.81031551,"BONE SPRING",NA,"2018-07-03","New Mexico","3001544294","2017-07-03","PALLADIUM MDP1 7 6 FEDERAL COM","317687","Federal Lands",NA,NA,NA,"H","OXY USA",10042,"ft.","PERMIAN BASIN"
"16","006H","EDDY","Oil","2017-07-03","active","COTTON DRAW",32.22540556,-103.81021633,"BONE SPRING",NA,"2018-07-03","New Mexico","3001544293","2017-07-03","PALLADIUM MDP1 7 6 FEDERAL COM","317687","Federal Lands",NA,NA,NA,"H","OXY USA",10040,"ft.","PERMIAN BASIN"
"17","013H","EDDY","Oil","2017-07-03","active","EMPIRE",32.82696722,-104.1507207,"GLORIETA-YESO",NA,"2018-07-03","New Mexico","3001544297","2017-07-03","MALCO 23 FEDERAL COM","318325","Federal Lands",NA,NA,NA,"H","CONCHO O&G",3766,"ft.","PERMIAN BASIN"
"18","005H","EDDY","Oil","2017-07-03","active","HAY HOLLOW",32.12162576,-104.10760901,"BONE SPRING, NORTH",NA,"2018-07-03","New Mexico","3001544296","2017-07-03","MYOX 20 FEDERAL COM","318323","Federal Lands",NA,NA,NA,"H","CONCHO O&G",8010,"ft.","PERMIAN BASIN"
"19","001H","EDDY","Gas","2017-07-07","active","PURPLE SAGE",32.26993294,-104.03271273,"WOLFCAMP (GAS)",NA,"2018-07-07","New Mexico","3001544288","2017-07-07","RAY 25 W2PA FEE","318321","Private",NA,NA,NA,"H","MEWBOURNE",NA,"ft.","PERMIAN BASIN"
"20","001H","LEA","Oil","2017-07-11","active",NA,33.33031626,-103.13529903,NA,NA,"2018-07-11","New Mexico","3002543888","2017-07-11","JENNA","318110","Private",NA,NA,NA,"H","SPECIAL ENERGY",NA,"ft.","PERMIAN BASIN"
"21","4H","LEA","Oil","2017-07-05","active","GRAMA RIDGE",32.39951252,-103.53250554,"BONE SPRINGS, WEST",NA,"2018-07-05","New Mexico","3002543891","2017-07-05","TENDERLOIN FEDERAL COM","318328","Federal Lands",NA,NA,NA,"H","CONCHO O&G",10850,"ft.","PERMIAN BASIN"
"22","1H","LEA","Oil","2017-07-11","active","GLADIOLA",33.27215862,-103.12592218,"SAN ANDRES",NA,"2018-07-11","New Mexico","3002543890","2017-07-11","DECKER","318326","Private",NA,NA,NA,"H","SPECIAL ENERGY",NA,"ft.","PERMIAN BASIN"
"23","003H","LEA","Oil","2017-07-12","active","GRAMA RIDGE",32.41440585,-103.42469774,"BONE SPRING, NE",NA,"2018-07-12","New Mexico","3002543987","2017-07-12","GETTY 1 STATE","40081","State Lease",NA,NA,NA,"H","V-F PETROLEUM",NA,"ft.","PERMIAN BASIN"
"24","002H","LEA","Oil","2017-07-12","active",NA,32.41441343,-103.43112203,NA,NA,"2018-07-12","New Mexico","3002543896","2017-07-12","GETTY 1 STATE","40081","State Lease",NA,NA,NA,"H","V-F PETROLEUM",NA,"ft.","PERMIAN BASIN"
"25","002","CHAVES","Oil","2017-07-17","active","ROUND TANK",32.97856478,-104.10373916,"SAN ANDRES",NA,"2018-07-17","New Mexico","3000564296","2017-07-17","MEDICINE HAT STATE","318349","Private",NA,NA,NA,"D","MACK ENERGY",NA,"ft.","PERMIAN BASIN"
"26","001H","CHAVES","Oil","2017-07-17","active","ROUND TANK",32.99618456,-104.10135125,"SAN ANDRES",NA,"2018-07-17","New Mexico","3000564295","2017-07-17","KLONDIKE STATE COM","318348","State Lease",NA,NA,NA,"H","MACK ENERGY",NA,"ft.","PERMIAN BASIN"
"27","1202","EDDY","Gas","2017-07-18","active","PURPLE SAGE",32.27486983,-103.94456784,"WOLFCAMP (GAS)",NA,"2018-07-18","New Mexico","3001544307","2017-07-18","REMUDA NORTH 25 STATE","317790","State Lease",NA,NA,NA,"V","XTO ENERGY",NA,"ft.","PERMIAN BASIN"
"28","1201","EDDY","Gas","2017-07-18","active","PURPLE SAGE",32.27486983,-103.94466703,"WOLFCAMP (GAS)",NA,"2018-07-18","New Mexico","3001544306","2017-07-18","REMUDA NORTH 25 STATE","317790","State Lease",NA,NA,NA,"V","XTO ENERGY",NA,"ft.","PERMIAN BASIN"
"29","1007","EDDY","Gas","2017-07-18","active","PURPLE SAGE",32.2751102,-103.93187222,"WOLFCAMP (GAS)",NA,"2018-07-18","New Mexico","3001544305","2017-07-18","REMUDA NORTH 25 STATE","317790","State Lease",NA,NA,NA,"V","XTO ENERGY",NA,"ft.","PERMIAN BASIN"
"30","1204","EDDY","Gas","2017-07-18","active","PURPLE SAGE",32.2748584,-103.9403029,"WOLFCAMP (GAS)",NA,"2018-07-18","New Mexico","3001544310","2017-07-18","REMUDA NORTH 25 STATE","317790","State Lease",NA,NA,NA,"V","XTO ENERGY",NA,"ft.","PERMIAN BASIN"
"31","1208","EDDY","Gas","2017-07-18","active","PURPLE SAGE",32.2751102,-103.93168148,"WOLFCAMP (GAS)",NA,"2018-07-18","New Mexico","3001544309","2017-07-18","REMUDA NORTH 25 STATE","317790","State Lease",NA,NA,NA,"V","XTO ENERGY",NA,"ft.","PERMIAN BASIN"
"32","1203","EDDY","Gas","2017-07-18","active","PURPLE SAGE",32.2748584,-103.94039446,"WOLFCAMP (GAS)",NA,"2018-07-18","New Mexico","3001544308","2017-07-18","REMUDA NORTH 25 STATE","317790","State Lease",NA,NA,NA,"V","XTO ENERGY",NA,"ft.","PERMIAN BASIN"
"33","701H","EDDY","Oil","2017-07-21","active","NASH DRAW",32.27491567,-103.92765305,"DELAWARE/BS (AVALON SAND)",NA,"2018-07-21","New Mexico","3001544320","2017-07-21","REMUDA NORTH 30 STATE","318385","State Lease",NA,NA,NA,"H","XTO ENERGY",NA,"ft.","PERMIAN BASIN"
"34","073H","EDDY","Oil","2017-07-18","active","COTTON DRAW",32.2236775,-103.81516785,"BONE SPRING",NA,"2018-07-18","New Mexico","3001544318","2017-07-18","PATTON MDP1 18 FEDERAL","316483","Federal Lands",NA,NA,NA,"H","OXY USA",11175,"ft.","PERMIAN BASIN"
"35","1205","EDDY","Gas","2017-07-18","active","PURPLE SAGE",32.27484697,-103.93604559,"WOLFCAMP (GAS)",NA,"2018-07-18","New Mexico","3001544311","2017-07-18","REMUDA NORTH 25 STATE","317790","State Lease",NA,NA,NA,"V","XTO ENERGY",NA,"ft.","PERMIAN BASIN"
"36","701H","EDDY","Oil","2017-07-21","active","NASH DRAW",32.27680774,-103.9285229,"DELAWARE/BS (AVALON SAND)",NA,"2018-07-21","New Mexico","3001544323","2017-07-21","REMUDA SOUTH 30 STATE","318384","State Lease",NA,NA,NA,"H","XTO ENERGY",NA,"ft.","PERMIAN BASIN"
"37","020H","EDDY","Gas","2017-07-18","active",NA,32.0019155,-104.03118555,NA,NA,"2018-07-18","New Mexico","3001544319","2017-07-18","COPPERHEAD 31 FEE","318350","State Lease",NA,NA,NA,"H","CONCHO O&G",NA,"ft.","PERMIAN BASIN"
"38","702H","EDDY","Oil","2017-07-21","active","NASH DRAW",32.27680775,-103.9273632,"DELAWARE/BS (AVALON SAND)",NA,"2018-07-21","New Mexico","3001544322","2017-07-21","REMUDA SOUTH 30 STATE","318384","State Lease",NA,NA,NA,"H","XTO ENERGY",NA,"ft.","PERMIAN BASIN"
"39","023H","EDDY","Oil","2017-07-18","active","COTTON DRAW",32.22418485,-103.81570958,"BONE SPRING",NA,"2018-07-18","New Mexico","3001544316","2017-07-18","PATTON MDP1 18 FEDERAL","316483","Federal Lands",NA,NA,NA,"H","OXY USA",10260,"ft.","PERMIAN BASIN"
"40","902H","EDDY","Oil","2017-07-21","active","NASH DRAW",32.27680775,-103.92745475,"DELAWARE/BS (AVALON SAND)",NA,"2018-07-21","New Mexico","3001544321","2017-07-21","REMUDA SOUTH 30 STATE","318384","State Lease",NA,NA,NA,"H","XTO ENERGY",NA,"ft.","PERMIAN BASIN"
"41","123H","EDDY","Oil","2017-07-21","active","PALMILLO",32.68769505,-104.10529187,"BONE SPRING, EAST",NA,"2018-07-21","New Mexico","3001544325","2017-07-21","SST 6 STATE","318383","Private",NA,NA,NA,"H","MATADOR PRODUCTION COMPANY",NA,"ft.","PERMIAN BASIN"
"42","124H","EDDY","Oil","2017-07-21","active","PALMILLO",32.68404442,-104.10612339,"BONE SPRING, EAST",NA,"2018-07-21","New Mexico","3001544324","2017-07-21","SST 6 STATE","318383","Private",NA,NA,NA,"H","MATADOR PRODUCTION COMPANY",NA,"ft.","PERMIAN BASIN"
"43","001H","EDDY","Oil","2017-07-18","active","COTTON DRAW",32.22627145,-103.82336979,"BONE SPRING",NA,"2018-07-18","New Mexico","3001544317","2017-07-18","PATTON MDP1 18 FEDERAL","316483","Federal Lands",NA,NA,NA,"H","OXY USA",9989,"ft.","PERMIAN BASIN"
"44","1005","EDDY","Gas","2017-07-18","active","PURPLE SAGE",32.27484697,-103.93614477,"WOLFCAMP (GAS)",NA,"2018-07-18","New Mexico","3001544315","2017-07-18","REMUDA NORTH 25 STATE","317790","State Lease",NA,NA,NA,"V","XTO ENERGY",NA,"ft.","PERMIAN BASIN"
"45","902H","EDDY","Oil","2017-07-21","active","NASH DRAW",32.27491185,-103.92755386,"DELAWARE/BS (AVALON SAND)",NA,"2018-07-21","New Mexico","3001544327","2017-07-21","REMUDA NORTH 30 STATE","318385","State Lease",NA,NA,NA,"H","XTO ENERGY",NA,"ft.","PERMIAN BASIN"
"46","702H","EDDY","Oil","2017-07-21","active","NASH DRAW",32.27491567,-103.92745468,"DELAWARE/BS (AVALON SAND)",NA,"2018-07-21","New Mexico","3001544326","2017-07-21","REMUDA NORTH 30 STATE","318385","State Lease",NA,NA,NA,"H","XTO ENERGY",NA,"ft.","PERMIAN BASIN"
"47","1206","EDDY","Gas","2017-07-18","active","PURPLE SAGE",32.27484697,-103.93594641,"WOLFCAMP (GAS)",NA,"2018-07-18","New Mexico","3001544312","2017-07-18","REMUDA NORTH 25 STATE","317790","State Lease",NA,NA,NA,"V","XTO ENERGY",NA,"ft.","PERMIAN BASIN"
"48","1001","EDDY","Gas","2017-07-18","active","PURPLE SAGE",32.27486982,-103.94476621,"WOLFCAMP (GAS)",NA,"2018-07-18","New Mexico","3001544313","2017-07-18","REMUDA NORTH 25 STATE","317790","State Lease",NA,NA,NA,"V","XTO ENERGY",NA,"ft.","PERMIAN BASIN"
"49","1003","EDDY","Gas","2017-07-18","active","PURPLE SAGE",32.2748584,-103.94045549,"WOLFCAMP (GAS)",NA,"2018-07-18","New Mexico","3001544314","2017-07-18","REMUDA NORTH 25 STATE","317790","State Lease",NA,NA,NA,"V","XTO ENERGY",NA,"ft.","PERMIAN BASIN"
"50","1207","EDDY","Gas","2017-07-18","active","PURPLE SAGE",32.2751102,-103.93177303,"WOLFCAMP (GAS)",NA,"2018-07-18","New Mexico","3001544304","2017-07-18","REMUDA NORTH 25 STATE","317790","State Lease",NA,NA,NA,"V","XTO ENERGY",NA,"ft.","PERMIAN BASIN"
"51","001","LEA","Oil","2017-07-17","active","LEA",32.5413927,-103.50624899,"BONE SPRING, SOUTH",NA,"2018-07-17","New Mexico","3002543895","2017-07-17","LEA SOUTH 25 FEDERAL COM","40102","Federal Lands",NA,NA,NA,"V","NEARBURG PRODUCING COMPANY",11700,"ft.","PERMIAN BASIN"
"52","709H","LEA","Oil","2017-07-18","active","WC-025 G-09 S263327G",32.02219096,-103.57013891,"UPPER WOLFCAMP",NA,"2018-07-18","New Mexico","3002543897","2017-07-18","THOR 21","40402","Private",NA,NA,NA,"H","EOG RESOURCES",NA,"ft.","PERMIAN BASIN"
"53","711H","LEA","Oil","2017-07-20","active","WC-025 G-09 S263416B",32.04979805,-103.47591427,"UPPER WOLFCAMP",NA,"2018-07-20","New Mexico","3002543900","2017-07-20","NAUTILUS 16 STATE COM","40383","State Lease",NA,NA,NA,"H","EOG RESOURCES",NA,"ft.","PERMIAN BASIN"
"54","710H","LEA","Oil","2017-07-19","active","WC-025 G-09 S263416B",32.05019476,-103.47780645,"UPPER WOLFCAMP",NA,"2018-07-19","New Mexico","3002543899","2017-07-19","NAUTILUS 16 STATE COM","40383","State Lease",NA,NA,NA,"H","EOG RESOURCES",NA,"ft.","PERMIAN BASIN"
"55","001","LEA","Disposal","2017-07-20","active","SWD",32.48215165,-103.2812442,"DEVONIAN",NA,"2018-07-20","New Mexico","3002543901","2017-07-20","SNYDER SWD","318381","Private",NA,NA,NA,"V","GOODNIGHT MIDSTREAM PERMIAN",NA,"ft.","PERMIAN BASIN"
"56","001H","LEA","Oil","2017-07-19","active","BERRY",32.46496526,-103.49296297,"BONE SPRING, SOUTH",NA,"2018-07-19","New Mexico","3002543898","2017-07-19","BIRDDOG 20 17 B2FC STATE COM","318351","State Lease",NA,NA,NA,"H","MEWBOURNE",NA,"ft.","PERMIAN BASIN"
"57","003H","EDDY","Oil","2017-07-06","active","PURPLE SAGE",32.28311276,-104.26755509,"WOLFCAMP (GAS)",NA,"2018-07-06","New Mexico","3001544284","2017-07-06","MCCORD ENTERPRISES 23 WCA","318103","Private",NA,NA,NA,"H","CHISHOLM ENERGY OPERATING, LLC",NA,"ft.","PERMIAN BASIN"
"58","004H","EDDY","Oil","2017-07-06","active","PURPLE SAGE",32.28311276,-104.26735672,"WOLFCAMP (GAS)",NA,"2018-07-06","New Mexico","3001544283","2017-07-06","MCCORD ENTERPRISES 23 WCA","318103","Private",NA,NA,NA,"H","CHISHOLM ENERGY OPERATING, LLC",NA,"ft.","PERMIAN BASIN"
"59","002H","EDDY","Oil","2017-07-06","active","PURPLE SAGE",32.28311275,-104.26774583,"WOLFCAMP (GAS)",NA,"2018-07-06","New Mexico","3001544282","2017-07-06","MCCORD ENTERPRISES 23 WCA","318103","Private",NA,NA,NA,"H","CHISHOLM ENERGY OPERATING, LLC",NA,"ft.","PERMIAN BASIN"
"60","001","LEA","Oil","2017-07-07","active","EUMONT",32.51711644,-103.3276348,"YATES-7 RVRS-QUEEN (OIL)",NA,"2018-07-07","New Mexico","3002543889","2017-07-07","EUMONT 1 STATE","318322","State Lease",NA,NA,NA,"V","CAMBRIAN MANAGEMENT",NA,"ft.","PERMIAN BASIN"
"61","004H","EDDY","Oil","2017-07-03","active","CEDAR CANYON",32.25281716,-103.96544154,"BONE SPRING",NA,"2018-07-03","New Mexico","3001544300","2017-07-03","KNOLL AOK FEDERAL","15751","Federal Lands",NA,NA,NA,"H","EOG Y RESOURCES",8924,"ft.","PERMIAN BASIN"
"62","002H","EDDY","Oil","2017-07-03","active","COTTON DRAW",32.22627145,-103.82327061,"BONE SPRING",NA,"2018-07-03","New Mexico","3001544299","2017-07-03","PALLADIUM MDP1 7 6 FEDERAL COM","317687","Federal Lands",NA,NA,NA,"H","OXY USA",10024,"ft.","PERMIAN BASIN"
"63","001H","EDDY","Oil","2017-07-03","active","COTTON DRAW",32.22627145,-103.82346898,"BONE SPRING",NA,"2018-07-03","New Mexico","3001544298","2017-07-03","PALLADIUM MDP1 7 6 FEDERAL COM","317687","Federal Lands",NA,NA,NA,"H","OXY USA",10012,"ft.","PERMIAN BASIN"
"64","003","EDDY","Disposal","2017-07-14","active","SWD",32.28835999,-104.14052857,"DEVONIAN",NA,"2018-07-14","New Mexico","3001544303","2017-07-14","RUSTLER BREAKS SWD","318050","Private",NA,NA,NA,"V","BLACK RIVER WATER MGMT",NA,"ft.","PERMIAN BASIN"
"65","003H","EDDY","Oil","2017-07-03","active","COTTON DRAW",32.22413525,-103.81837994,"BONE SPRING",NA,"2018-07-03","New Mexico","3001544292","2017-07-03","PALLADIUM MDP1 7 6 FEDERAL COM","317687","Federal Lands",NA,NA,NA,"H","OXY USA",10038,"ft.","PERMIAN BASIN"
"66","002H","EDDY","Gas","2017-07-06","active","PURPLE SAGE",32.28230438,-104.25356226,"WOLFCAMP (GAS)",NA,"2018-07-06","New Mexico","3001544302","2017-07-06","GHOSTRIDER 25 36 W2DM FEDERAL COM","318327","Federal Lands",NA,NA,NA,"H","MEWBOURNE",8793,"ft.","PERMIAN BASIN"
"67","001H","EDDY","Gas","2017-07-06","active","PURPLE SAGE",32.28230437,-104.25372248,"WOLFCAMP (GAS)",NA,"2018-07-06","New Mexico","3001544301","2017-07-06","GHOSTRIDER 25 36 W2DM FEDERAL COM","318327","Federal Lands",NA,NA,NA,"H","MEWBOURNE",9386,"ft.","PERMIAN BASIN"
"68","001H","EDDY","Gas","2017-07-07","active","PURPLE SAGE",32.28316148,-104.0809405,"WOLFCAMP (GAS)",NA,"2018-07-07","New Mexico","3001544290","2017-07-07","RUSH 22 W2MD FEE","318319","Private",NA,NA,NA,"H","MEWBOURNE",NA,"ft.","PERMIAN BASIN"
"69","001H","EDDY","Gas","2017-07-07","active","PURPLE SAGE",32.2698794,-104.04141821,"WOLFCAMP (GAS)",NA,"2018-07-07","New Mexico","3001544289","2017-07-07","RAY 25 W2NC FEE","318320","Private",NA,NA,NA,"H","MEWBOURNE",NA,"ft.","PERMIAN BASIN"
"70","004H","EDDY","Oil","2017-07-03","active","COTTON DRAW",32.22408567,-103.81784586,"BONE SPRING",NA,"2018-07-03","New Mexico","3001544295","2017-07-03","PALLADIUM MDP1 7 6 FEDERAL COM","317687","Federal Lands",NA,NA,NA,"H","OXY USA",10048,"ft.","PERMIAN BASIN"
"71","005H","EDDY","Oil","2017-07-03","active","COTTON DRAW",32.22540556,-103.81031551,"BONE SPRING",NA,"2018-07-03","New Mexico","3001544294","2017-07-03","PALLADIUM MDP1 7 6 FEDERAL COM","317687","Federal Lands",NA,NA,NA,"H","OXY USA",10042,"ft.","PERMIAN BASIN"
"72","006H","EDDY","Oil","2017-07-03","active","COTTON DRAW",32.22540556,-103.81021633,"BONE SPRING",NA,"2018-07-03","New Mexico","3001544293","2017-07-03","PALLADIUM MDP1 7 6 FEDERAL COM","317687","Federal Lands",NA,NA,NA,"H","OXY USA",10040,"ft.","PERMIAN BASIN"
"73","013H","EDDY","Oil","2017-07-03","active","EMPIRE",32.82696722,-104.1507207,"GLORIETA-YESO",NA,"2018-07-03","New Mexico","3001544297","2017-07-03","MALCO 23 FEDERAL COM","318325","Federal Lands",NA,NA,NA,"H","CONCHO O&G",3766,"ft.","PERMIAN BASIN"
"74","005H","EDDY","Oil","2017-07-03","active","HAY HOLLOW",32.12162576,-104.10760901,"BONE SPRING, NORTH",NA,"2018-07-03","New Mexico","3001544296","2017-07-03","MYOX 20 FEDERAL COM","318323","Federal Lands",NA,NA,NA,"H","CONCHO O&G",8010,"ft.","PERMIAN BASIN"
"75","001H","EDDY","Gas","2017-07-07","active","PURPLE SAGE",32.26993294,-104.03271273,"WOLFCAMP (GAS)",NA,"2018-07-07","New Mexico","3001544288","2017-07-07","RAY 25 W2PA FEE","318321","Private",NA,NA,NA,"H","MEWBOURNE",NA,"ft.","PERMIAN BASIN"
"76","001H","LEA","Oil","2017-07-11","active",NA,33.33031626,-103.13529903,NA,NA,"2018-07-11","New Mexico","3002543888","2017-07-11","JENNA","318110","Private",NA,NA,NA,"H","SPECIAL ENERGY",NA,"ft.","PERMIAN BASIN"
"77","4H","LEA","Oil","2017-07-05","active","GRAMA RIDGE",32.39951252,-103.53250554,"BONE SPRINGS, WEST",NA,"2018-07-05","New Mexico","3002543891","2017-07-05","TENDERLOIN FEDERAL COM","318328","Federal Lands",NA,NA,NA,"H","CONCHO O&G",10850,"ft.","PERMIAN BASIN"
"78","1H","LEA","Oil","2017-07-11","active","GLADIOLA",33.27215862,-103.12592218,"SAN ANDRES",NA,"2018-07-11","New Mexico","3002543890","2017-07-11","DECKER","318326","Private",NA,NA,NA,"H","SPECIAL ENERGY",NA,"ft.","PERMIAN BASIN"
"79","003H","LEA","Oil","2017-07-12","active","GRAMA RIDGE",32.41440585,-103.42469774,"BONE SPRING, NE",NA,"2018-07-12","New Mexico","3002543987","2017-07-12","GETTY 1 STATE","40081","State Lease",NA,NA,NA,"H","V-F PETROLEUM",NA,"ft.","PERMIAN BASIN"
"80","002H","LEA","Oil","2017-07-12","active",NA,32.41441343,-103.43112203,NA,NA,"2018-07-12","New Mexico","3002543896","2017-07-12","GETTY 1 STATE","40081","State Lease",NA,NA,NA,"H","V-F PETROLEUM",NA,"ft.","PERMIAN BASIN"
"81","002","CHAVES","Oil","2017-07-17","active","ROUND TANK",32.97856478,-104.10373916,"SAN ANDRES",NA,"2018-07-17","New Mexico","3000564296","2017-07-17","MEDICINE HAT STATE","318349","Private",NA,NA,NA,"D","MACK ENERGY",NA,"ft.","PERMIAN BASIN"
"82","001H","CHAVES","Oil","2017-07-17","active","ROUND TANK",32.99618456,-104.10135125,"SAN ANDRES",NA,"2018-07-17","New Mexico","3000564295","2017-07-17","KLONDIKE STATE COM","318348","State Lease",NA,NA,NA,"H","MACK ENERGY",NA,"ft.","PERMIAN BASIN"
"83","1202","EDDY","Gas","2017-07-18","active","PURPLE SAGE",32.27486983,-103.94456784,"WOLFCAMP (GAS)",NA,"2018-07-18","New Mexico","3001544307","2017-07-18","REMUDA NORTH 25 STATE","317790","State Lease",NA,NA,NA,"V","XTO ENERGY",NA,"ft.","PERMIAN BASIN"
"84","1201","EDDY","Gas","2017-07-18","active","PURPLE SAGE",32.27486983,-103.94466703,"WOLFCAMP (GAS)",NA,"2018-07-18","New Mexico","3001544306","2017-07-18","REMUDA NORTH 25 STATE","317790","State Lease",NA,NA,NA,"V","XTO ENERGY",NA,"ft.","PERMIAN BASIN"
"85","1007","EDDY","Gas","2017-07-18","active","PURPLE SAGE",32.2751102,-103.93187222,"WOLFCAMP (GAS)",NA,"2018-07-18","New Mexico","3001544305","2017-07-18","REMUDA NORTH 25 STATE","317790","State Lease",NA,NA,NA,"V","XTO ENERGY",NA,"ft.","PERMIAN BASIN"
"86","1204","EDDY","Gas","2017-07-18","active","PURPLE SAGE",32.2748584,-103.9403029,"WOLFCAMP (GAS)",NA,"2018-07-18","New Mexico","3001544310","2017-07-18","REMUDA NORTH 25 STATE","317790","State Lease",NA,NA,NA,"V","XTO ENERGY",NA,"ft.","PERMIAN BASIN"
"87","1208","EDDY","Gas","2017-07-18","active","PURPLE SAGE",32.2751102,-103.93168148,"WOLFCAMP (GAS)",NA,"2018-07-18","New Mexico","3001544309","2017-07-18","REMUDA NORTH 25 STATE","317790","State Lease",NA,NA,NA,"V","XTO ENERGY",NA,"ft.","PERMIAN BASIN"
"88","1203","EDDY","Gas","2017-07-18","active","PURPLE SAGE",32.2748584,-103.94039446,"WOLFCAMP (GAS)",NA,"2018-07-18","New Mexico","3001544308","2017-07-18","REMUDA NORTH 25 STATE","317790","State Lease",NA,NA,NA,"V","XTO ENERGY",NA,"ft.","PERMIAN BASIN"
"89","701H","EDDY","Oil","2017-07-21","active","NASH DRAW",32.27491567,-103.92765305,"DELAWARE/BS (AVALON SAND)",NA,"2018-07-21","New Mexico","3001544320","2017-07-21","REMUDA NORTH 30 STATE","318385","State Lease",NA,NA,NA,"H","XTO ENERGY",NA,"ft.","PERMIAN BASIN"
"90","073H","EDDY","Oil","2017-07-18","active","COTTON DRAW",32.2236775,-103.81516785,"BONE SPRING",NA,"2018-07-18","New Mexico","3001544318","2017-07-18","PATTON MDP1 18 FEDERAL","316483","Federal Lands",NA,NA,NA,"H","OXY USA",11175,"ft.","PERMIAN BASIN"
"91","1205","EDDY","Gas","2017-07-18","active","PURPLE SAGE",32.27484697,-103.93604559,"WOLFCAMP (GAS)",NA,"2018-07-18","New Mexico","3001544311","2017-07-18","REMUDA NORTH 25 STATE","317790","State Lease",NA,NA,NA,"V","XTO ENERGY",NA,"ft.","PERMIAN BASIN"
"92","701H","EDDY","Oil","2017-07-21","active","NASH DRAW",32.27680774,-103.9285229,"DELAWARE/BS (AVALON SAND)",NA,"2018-07-21","New Mexico","3001544323","2017-07-21","REMUDA SOUTH 30 STATE","318384","State Lease",NA,NA,NA,"H","XTO ENERGY",NA,"ft.","PERMIAN BASIN"
"93","020H","EDDY","Gas","2017-07-18","active",NA,32.0019155,-104.03118555,NA,NA,"2018-07-18","New Mexico","3001544319","2017-07-18","COPPERHEAD 31 FEE","318350","State Lease",NA,NA,NA,"H","CONCHO O&G",NA,"ft.","PERMIAN BASIN"
"94","702H","EDDY","Oil","2017-07-21","active","NASH DRAW",32.27680775,-103.9273632,"DELAWARE/BS (AVALON SAND)",NA,"2018-07-21","New Mexico","3001544322","2017-07-21","REMUDA SOUTH 30 STATE","318384","State Lease",NA,NA,NA,"H","XTO ENERGY",NA,"ft.","PERMIAN BASIN"
"95","023H","EDDY","Oil","2017-07-18","active","COTTON DRAW",32.22418485,-103.81570958,"BONE SPRING",NA,"2018-07-18","New Mexico","3001544316","2017-07-18","PATTON MDP1 18 FEDERAL","316483","Federal Lands",NA,NA,NA,"H","OXY USA",10260,"ft.","PERMIAN BASIN"
"96","902H","EDDY","Oil","2017-07-21","active","NASH DRAW",32.27680775,-103.92745475,"DELAWARE/BS (AVALON SAND)",NA,"2018-07-21","New Mexico","3001544321","2017-07-21","REMUDA SOUTH 30 STATE","318384","State Lease",NA,NA,NA,"H","XTO ENERGY",NA,"ft.","PERMIAN BASIN"
"97","123H","EDDY","Oil","2017-07-21","active","PALMILLO",32.68769505,-104.10529187,"BONE SPRING, EAST",NA,"2018-07-21","New Mexico","3001544325","2017-07-21","SST 6 STATE","318383","Private",NA,NA,NA,"H","MATADOR PRODUCTION COMPANY",NA,"ft.","PERMIAN BASIN"
"98","124H","EDDY","Oil","2017-07-21","active","PALMILLO",32.68404442,-104.10612339,"BONE SPRING, EAST",NA,"2018-07-21","New Mexico","3001544324","2017-07-21","SST 6 STATE","318383","Private",NA,NA,NA,"H","MATADOR PRODUCTION COMPANY",NA,"ft.","PERMIAN BASIN"
"99","001H","EDDY","Oil","2017-07-18","active","COTTON DRAW",32.22627145,-103.82336979,"BONE SPRING",NA,"2018-07-18","New Mexico","3001544317","2017-07-18","PATTON MDP1 18 FEDERAL","316483","Federal Lands",NA,NA,NA,"H","OXY USA",9989,"ft.","PERMIAN BASIN"
"100","1005","EDDY","Gas","2017-07-18","active","PURPLE SAGE",32.27484697,-103.93614477,"WOLFCAMP (GAS)",NA,"2018-07-18","New Mexico","3001544315","2017-07-18","REMUDA NORTH 25 STATE","317790","State Lease",NA,NA,NA,"V","XTO ENERGY",NA,"ft.","PERMIAN BASIN"
"101","902H","EDDY","Oil","2017-07-21","active","NASH DRAW",32.27491185,-103.92755386,"DELAWARE/BS (AVALON SAND)",NA,"2018-07-21","New Mexico","3001544327","2017-07-21","REMUDA NORTH 30 STATE","318385","State Lease",NA,NA,NA,"H","XTO ENERGY",NA,"ft.","PERMIAN BASIN"
"102","702H","EDDY","Oil","2017-07-21","active","NASH DRAW",32.27491567,-103.92745468,"DELAWARE/BS (AVALON SAND)",NA,"2018-07-21","New Mexico","3001544326","2017-07-21","REMUDA NORTH 30 STATE","318385","State Lease",NA,NA,NA,"H","XTO ENERGY",NA,"ft.","PERMIAN BASIN"
"103","1206","EDDY","Gas","2017-07-18","active","PURPLE SAGE",32.27484697,-103.93594641,"WOLFCAMP (GAS)",NA,"2018-07-18","New Mexico","3001544312","2017-07-18","REMUDA NORTH 25 STATE","317790","State Lease",NA,NA,NA,"V","XTO ENERGY",NA,"ft.","PERMIAN BASIN"
"104","1001","EDDY","Gas","2017-07-18","active","PURPLE SAGE",32.27486982,-103.94476621,"WOLFCAMP (GAS)",NA,"2018-07-18","New Mexico","3001544313","2017-07-18","REMUDA NORTH 25 STATE","317790","State Lease",NA,NA,NA,"V","XTO ENERGY",NA,"ft.","PERMIAN BASIN"
"105","1003","EDDY","Gas","2017-07-18","active","PURPLE SAGE",32.2748584,-103.94045549,"WOLFCAMP (GAS)",NA,"2018-07-18","New Mexico","3001544314","2017-07-18","REMUDA NORTH 25 STATE","317790","State Lease",NA,NA,NA,"V","XTO ENERGY",NA,"ft.","PERMIAN BASIN"
"106","1207","EDDY","Gas","2017-07-18","active","PURPLE SAGE",32.2751102,-103.93177303,"WOLFCAMP (GAS)",NA,"2018-07-18","New Mexico","3001544304","2017-07-18","REMUDA NORTH 25 STATE","317790","State Lease",NA,NA,NA,"V","XTO ENERGY",NA,"ft.","PERMIAN BASIN"
"107","001","LEA","Oil","2017-07-17","active","LEA",32.5413927,-103.50624899,"BONE SPRING, SOUTH",NA,"2018-07-17","New Mexico","3002543895","2017-07-17","LEA SOUTH 25 FEDERAL COM","40102","Federal Lands",NA,NA,NA,"V","NEARBURG PRODUCING COMPANY",11700,"ft.","PERMIAN BASIN"
"108","709H","LEA","Oil","2017-07-18","active","WC-025 G-09 S263327G",32.02219096,-103.57013891,"UPPER WOLFCAMP",NA,"2018-07-18","New Mexico","3002543897","2017-07-18","THOR 21","40402","Private",NA,NA,NA,"H","EOG RESOURCES",NA,"ft.","PERMIAN BASIN"
"109","711H","LEA","Oil","2017-07-20","active","WC-025 G-09 S263416B",32.04979805,-103.47591427,"UPPER WOLFCAMP",NA,"2018-07-20","New Mexico","3002543900","2017-07-20","NAUTILUS 16 STATE COM","40383","State Lease",NA,NA,NA,"H","EOG RESOURCES",NA,"ft.","PERMIAN BASIN"
"110","710H","LEA","Oil","2017-07-19","active","WC-025 G-09 S263416B",32.05019476,-103.47780645,"UPPER WOLFCAMP",NA,"2018-07-19","New Mexico","3002543899","2017-07-19","NAUTILUS 16 STATE COM","40383","State Lease",NA,NA,NA,"H","EOG RESOURCES",NA,"ft.","PERMIAN BASIN"
"111","001","LEA","Disposal","2017-07-20","active","SWD",32.48215165,-103.2812442,"DEVONIAN",NA,"2018-07-20","New Mexico","3002543901","2017-07-20","SNYDER SWD","318381","Private",NA,NA,NA,"V","GOODNIGHT MIDSTREAM PERMIAN",NA,"ft.","PERMIAN BASIN"
"112","001H","LEA","Oil","2017-07-19","active","BERRY",32.46496526,-103.49296297,"BONE SPRING, SOUTH",NA,"2018-07-19","New Mexico","3002543898","2017-07-19","BIRDDOG 20 17 B2FC STATE COM","318351","State Lease",NA,NA,NA,"H","MEWBOURNE",NA,"ft.","PERMIAN BASIN"
"113","2710","Andrews","Oil/Gas","2017-07-05","active","LOWE, WEST (STRAWN)",32.10234566,-102.25187305,"STRAWN",NA,"2019-07-05","Texas","4200347597","2017-07-05","FEE 'BN'",NA,NA,NA,NA,NA,"V","FASKEN",NA,"ft.","PERMIAN BASIN"
"114","A  5H","Atascosa","Oil/Gas","2017-07-05","active","EAGLEVILLE (EAGLE FORD-1)",28.79446568,-98.16090679,"EAGLE FORD-1",NA,"2019-07-05","Texas","4201335494","2017-07-05","WSRU ALLOCATION #3",NA,NA,NA,NA,NA,"H","XTO ENERGY",NA,"ft.","GULF COAST"
"115","A  6H","Atascosa","Oil/Gas","2017-07-05","active","EAGLEVILLE (EAGLE FORD-1)",28.79442372,-98.16086864,"EAGLE FORD-1",NA,"2019-07-05","Texas","4201335495","2017-07-05","WSRU ALLOCATION #4",NA,NA,NA,NA,NA,"H","XTO ENERGY",NA,"ft.","GULF COAST"
"116","A  7H","Atascosa","Oil/Gas","2017-07-05","active","EAGLEVILLE (EAGLE FORD-1)",28.79437986,-98.16083049,"EAGLE FORD-1",NA,"2019-07-05","Texas","4201335496","2017-07-05","WSRU ALLOCATION #5",NA,NA,NA,NA,NA,"H","XTO ENERGY",NA,"ft.","GULF COAST"
"117","A  8H","Atascosa","Oil/Gas","2017-07-05","active","EAGLEVILLE (EAGLE FORD-1)",28.7943379,-98.16079234,"EAGLE FORD-1",NA,"2019-07-05","Texas","4201335497","2017-07-05","WSRU ALLOCATION #6",NA,NA,NA,NA,NA,"H","XTO ENERGY",NA,"ft.","GULF COAST"
"118","4","Borden","Oil/Gas","2017-07-05","active","SPRABERRY (TREND AREA)",32.52536616,-101.61828662,"TREND AREA",NA,"2019-07-05","Texas","4203332427","2017-07-05","ABOMINABLE SNOWMAN",NA,NA,NA,NA,NA,"V","SURGE OPERATING",NA,"ft.","PERMIAN BASIN"
"119","3","Brazoria","Oil/Gas","2017-07-05","active","RATTLESNAKE MOUND (6050)",29.22509214,-95.11624062,"6050",NA,"2019-07-05","Texas","4203933300","2017-07-05","BLACKSTONE",NA,NA,NA,NA,NA,"V","CORUM PRODUCTION COMPANY",NA,"ft.","GULF COAST"
"120","1838H","Culberson","Oil/Gas","2017-07-05","active","FORD, WEST (WOLFCAMP)",31.96987496,-104.10594106,"WOLFCAMP",NA,"2019-07-05","Texas","4210933116","2017-07-05","GRISSOM",NA,NA,NA,NA,NA,"H","CONCHO O&G",NA,"ft.","PERMIAN BASIN"
"121","1H","Culberson","Oil/Gas","2017-07-05","active","FORD, WEST (WOLFCAMP)",31.78734984,-104.37126466,"WOLFCAMP",NA,"2019-07-05","Texas","4210933141","2017-07-05","WACO KID STATE UNIT 34",NA,NA,NA,NA,NA,"H","SCALA ENERGY OPERATING",NA,"ft.","PERMIAN BASIN"
"122","5H","Culberson","Oil/Gas","2017-07-05","active","FORD, WEST (WOLFCAMP)",31.61234558,-104.12515803,"WOLFCAMP",NA,"2019-07-05","Texas","4210933142","2017-07-05","WATERS STATE UNIT",NA,NA,NA,NA,NA,"H","THREE RIVERS OPER CO III",NA,"ft.","PERMIAN BASIN"
"123","101","Dewitt","Oil/Gas","2017-07-05","active","DE WITT (EAGLE FORD SHALE)",29.05388643,-97.5217101,"EAGLE FORD SHALE",NA,"2019-07-05","Texas","4212334440","2017-07-05","P. CRAIN UNIT A",NA,NA,NA,NA,NA,"H","BURLINGTON RESOURCES",NA,"ft.","GULF COAST"
"124","3","Dewitt","Oil/Gas","2017-07-05","active","DE WITT (EAGLE FORD SHALE)",29.05393793,-97.52167959,"EAGLE FORD SHALE",NA,"2019-07-05","Texas","4212334445","2017-07-05","P. CRAIN UNIT A",NA,NA,NA,NA,NA,"H","BURLINGTON RESOURCES",NA,"ft.","GULF COAST"
"125","1","Gaines","Dry Hole","2017-07-05","active","MARIANNA",32.77692672,-103.0428336,NA,NA,"2019-07-05","Texas","4216533205","2017-07-05","GRANBERRY",NA,NA,NA,NA,NA,"V","JOINT RESOURCES COMPANY",NA,"ft.","PERMIAN BASIN"
"126","1H","Gaines","Oil","2017-07-05","active","CARTER-NEW MEXICO (SAN ANDRES)",32.77083133,-103.05128675,"SAN ANDRES",NA,"2019-07-05","Texas","4216538591","2017-07-05","RENEGADE",NA,NA,NA,NA,NA,"H","JOINT RESOURCES COMPANY",NA,"ft.","PERMIAN BASIN"
"127","105HB","Glasscock","Oil/Gas","2017-07-05","active","SPRABERRY (TREND AREA)",31.77176168,-101.73252119,"TREND AREA",NA,"2019-07-05","Texas","4217337615","2017-07-05","HARRIS-COOK 50",NA,NA,NA,NA,NA,"H","HUNT OIL COMPANY",NA,"ft.","PERMIAN BASIN"
"128","305NM","Glasscock","Oil/Gas","2017-07-05","active","SPRABERRY (TREND AREA)",31.68016909,-101.50910295,"TREND AREA",NA,"2019-07-05","Texas","4217337650","2017-07-05","BODINE-C-",NA,NA,NA,NA,NA,"H","LAREDO PETROLEUM",NA,"ft.","PERMIAN BASIN"
"129","305NS","Glasscock","Oil/Gas","2017-07-05","active","SPRABERRY (TREND AREA)",31.68030259,-101.50914873,"TREND AREA",NA,"2019-07-05","Texas","4217337651","2017-07-05","BODINE-C-",NA,NA,NA,NA,NA,"H","LAREDO PETROLEUM",NA,"ft.","PERMIAN BASIN"
"130","306NM","Glasscock","Oil/Gas","2017-07-05","active","SPRABERRY (TREND AREA)",31.68023583,-101.50912583,"TREND AREA",NA,"2019-07-05","Texas","4217337652","2017-07-05","BODINE-C-",NA,NA,NA,NA,NA,"H","LAREDO PETROLEUM",NA,"ft.","PERMIAN BASIN"
"131","1H","Gonzales","Oil","2017-07-05","active","EAGLEVILLE (EAGLE FORD-1)",29.200749,-97.65550107,"EAGLE FORD-1",NA,"2019-07-05","Texas","4217733837","2017-07-05","ELI R. HUFFMAN JR.",NA,NA,NA,NA,NA,"H","ROSEWOOD RESOURCES",NA,"ft.","GULF COAST"
"132","2","Grayson","Oil/Gas","2017-07-05","active","BIG MINERAL CREEK (SIMPSON)",33.74380906,-96.79908312,"SIMPSON",NA,"2019-07-05","Texas","4218131592","2017-07-05","HAZLIP",NA,NA,NA,NA,NA,"V","ATOKA OPERATING",NA,"ft.","PERMIAN BASIN"
"133","8SH","Howard","Oil/Gas","2017-07-05","active","SPRABERRY (TREND AREA)",32.52180367,-101.57389739,"TREND AREA",NA,"2019-07-05","Texas","4222739177","2017-07-05","WILLIAMS UNIT B 24-13",NA,NA,NA,NA,NA,"H","SURGE OPERATING",NA,"ft.","PERMIAN BASIN"
"134","8AH","Howard","Oil/Gas","2017-07-05","active","SPRABERRY (TREND AREA)",32.4351173,-101.56184851,"TREND AREA",NA,"2019-07-05","Texas","4222739183","2017-07-05","ELROD-ANTELL UNIT 'B' 11-02",NA,NA,NA,NA,NA,"H","SURGE OPERATING",NA,"ft.","PERMIAN BASIN"
"135","2D","Howard","Other/Unknown","2017-07-05","active","SPRABERRY (TREND AREA)",32.22896946,-101.59792493,"TREND AREA",NA,"2019-07-05","Texas","4222739186","2017-07-05","WALTERS 34 SWD",NA,NA,NA,NA,NA,"V","PARSLEY ENERGY OPERATIONS",NA,"ft.","PERMIAN BASIN"
"136","1027LM","Irion","Oil/Gas","2017-07-05","active","WILDCAT",31.29843496,-101.18460322,NA,NA,"2019-07-05","Texas","4223536205","2017-07-05","BARNHART",NA,NA,NA,NA,NA,"H","TRACKER RESOURCE DEV III",NA,"ft.","PERMIAN BASIN"
"137","1026LU","Irion","Oil/Gas","2017-07-05","active","SPRABERRY (TREND AREA)",31.29843496,-101.18467952,"TREND AREA",NA,"2019-07-05","Texas","4223536206","2017-07-05","BARNHART",NA,NA,NA,NA,NA,"H","TRACKER RESOURCE DEV III",NA,"ft.","PERMIAN BASIN"
"138","1025LM","Irion","Oil/Gas","2017-07-05","active","SPRABERRY (TREND AREA)",31.29843686,-101.18476344,"TREND AREA",NA,"2019-07-05","Texas","4223536207","2017-07-05","BARNHART",NA,NA,NA,NA,NA,"H","TRACKER RESOURCE DEV III",NA,"ft.","PERMIAN BASIN"
"139","1","Irion","Oil/Gas","2017-07-05","active","JUNE ANN (CISCO)",31.52255048,-100.73480169,"CISCO",NA,"2019-07-05","Texas","4223536208","2017-07-05","TURNER RANCH T.D. 8",NA,NA,NA,NA,NA,"V","BANNER OPERATING",NA,"ft.","PERMIAN BASIN"
"140","8H","Karnes","Oil/Gas","2017-07-05","active","SUGARKANE (EAGLE FORD)",28.78693605,-97.97991836,"EAGLE FORD",NA,"2019-07-05","Texas","4225535543","2017-07-05","HOLLMAN UNIT",NA,NA,NA,NA,NA,"H","MARATHON",NA,"ft.","GULF COAST"
"141","9H","Karnes","Oil/Gas","2017-07-05","active","SUGARKANE (EAGLE FORD)",28.78690553,-97.9800023,"EAGLE FORD",NA,"2019-07-05","Texas","4225535544","2017-07-05","HOLLMAN UNIT",NA,NA,NA,NA,NA,"H","MARATHON",NA,"ft.","GULF COAST"
"142","5H","Karnes","Oil","2017-07-05","active","EAGLEVILLE (EAGLE FORD-2)",29.14486906,-97.68343344,"EAGLE FORD-2",NA,"2019-07-05","Texas","4225535547","2017-07-05","TBK UNIT",NA,NA,NA,NA,NA,"H","ENERVEST",NA,"ft.","GULF COAST"
"143","6H","Karnes","Oil","2017-07-05","active","EAGLEVILLE (EAGLE FORD-2)",29.14492246,-97.68345633,"EAGLE FORD-2",NA,"2019-07-05","Texas","4225535548","2017-07-05","TBK UNIT",NA,NA,NA,NA,NA,"H","ENERVEST",NA,"ft.","GULF COAST"
"144","7H","Karnes","Oil","2017-07-05","active","EAGLEVILLE (EAGLE FORD-2)",29.14497396,-97.68347159,"EAGLE FORD-2",NA,"2019-07-05","Texas","4225535549","2017-07-05","TBK UNIT",NA,NA,NA,NA,NA,"H","ENERVEST",NA,"ft.","GULF COAST"
"145","7H","Karnes","Oil","2017-07-05","active","EAGLEVILLE (EAGLE FORD-2)",28.99055106,-97.92398667,"EAGLE FORD-2",NA,"2019-07-05","Texas","4225535550","2017-07-05","POP UNIT",NA,NA,NA,NA,NA,"H","EOG RESOURCES",NA,"ft.","GULF COAST"
"146","33H","La Salle","Gas","2017-07-05","active","HAWKVILLE (EAGLEFORD SHALE)",28.21493704,-99.13316471,"EAGLEFORD SHALE",NA,"2019-07-05","Texas","4228335050","2017-07-05","DORA MARTIN A",NA,NA,NA,NA,NA,"H","LEWIS PETRO PROPERTIES",NA,"ft.","GULF COAST"
"147","34H","La Salle","Gas","2017-07-05","active","HAWKVILLE (EAGLEFORD SHALE)",28.21493513,-99.13311894,"EAGLEFORD SHALE",NA,"2019-07-05","Texas","4228335051","2017-07-05","DORA MARTIN A",NA,NA,NA,NA,NA,"H","LEWIS PETRO PROPERTIES",NA,"ft.","GULF COAST"
"148","35H","La Salle","Gas","2017-07-05","active","HAWKVILLE (EAGLEFORD SHALE)",28.21493513,-99.13307316,"EAGLEFORD SHALE",NA,"2019-07-05","Texas","4228335049","2017-07-05","DORA MARTIN A",NA,NA,NA,NA,NA,"H","LEWIS PETRO PROPERTIES",NA,"ft.","GULF COAST"
"149","3H","Loving","Oil/Gas","2017-07-05","active","PHANTOM (WOLFCAMP)",31.77418535,-103.34655262,"WOLFCAMP",NA,"2019-07-05","Texas","4230133447","2017-07-05","CROSS MOUNTAIN 4045-28",NA,NA,NA,NA,NA,"H","FELIX ENERGY HOLDINGS II",NA,"ft.","PERMIAN BASIN"
"150","1H","Loving","Oil/Gas","2017-07-05","active","PHANTOM (WOLFCAMP)",31.97039342,-103.87003727,"WOLFCAMP",NA,"2019-07-05","Texas","4230133454","2017-07-05","YMC 9",NA,NA,NA,NA,NA,"H","RKI EXPLORATION&PRODUCTION",NA,"ft.","PERMIAN BASIN"
"151","3H","Loving","Oil/Gas","2017-07-05","active","PHANTOM (WOLFCAMP)",31.96909645,-103.85786784,"WOLFCAMP",NA,"2019-07-05","Texas","4230133455","2017-07-05","YMC 9",NA,NA,NA,NA,NA,"H","RKI EXPLORATION&PRODUCTION",NA,"ft.","PERMIAN BASIN"
"152","3H","Loving","Oil/Gas","2017-07-05","active","PHANTOM (WOLFCAMP)",31.93887423,-103.37256638,"WOLFCAMP",NA,"2019-07-05","Texas","4230133484","2017-07-05","PISTOL 24-20",NA,NA,NA,NA,NA,"H","RSP PERMIAN",NA,"ft.","PERMIAN BASIN"
"153","O  1H","McMullen","Oil/Gas","2017-07-05","active","EAGLEVILLE (EAGLE FORD-1)",28.46809077,-98.54182191,"EAGLE FORD-1",NA,"2019-07-05","Texas","4231136652","2017-07-05","TILDEN UNIT",NA,NA,NA,NA,NA,"H","STATOIL TEXAS ONSHORE PROP",NA,"ft.","GULF COAST"
"154","98H","McMullen","Oil","2017-07-05","active","EAGLEVILLE (EAGLE FORD-1)",28.64608528,-98.37399372,"EAGLE FORD-1",NA,"2019-07-05","Texas","4231136734","2017-07-05","MIDDLE MCCOWEN",NA,NA,NA,NA,NA,"H","MARATHON",NA,"ft.","GULF COAST"
"155","607H","Martin","Oil/Gas","2017-07-05","active","SPRABERRY (TREND AREA)",32.35111894,-101.75006919,"TREND AREA",NA,"2019-07-05","Texas","4231740821","2017-07-05","WILBANKS ALLAR EAST UNIT",NA,NA,NA,NA,NA,"H","ENERGEN",NA,"ft.","PERMIAN BASIN"
"156","5MS","Martin","Oil/Gas","2017-07-05","active","SPRABERRY (TREND AREA)",32.13628311,-102.00793133,"TREND AREA",NA,"2019-07-05","Texas","4231740845","2017-07-05","FINISHING NAIL 2528A",NA,NA,NA,NA,NA,"H","CROWNQUEST OPERATING",NA,"ft.","PERMIAN BASIN"
"157","4650BH","Midland","Oil/Gas","2017-07-05","active","SPRABERRY (TREND AREA) R 40 EXC",31.70291952,-101.8813825,"TREND AREA",NA,"2019-07-05","Texas","4232941731","2017-07-05","MIDKIFF-HALFMANN 39-46 4600",NA,NA,NA,NA,NA,"H","XTO ENERGY",NA,"ft.","PERMIAN BASIN"
"158","3306MH","Midland","Oil/Gas","2017-07-05","active","SPRABERRY (TREND AREA)",31.86170767,-102.27542174,"TREND AREA",NA,"2019-07-05","Texas","4232941783","2017-07-05","ROY PARKS B",NA,NA,NA,NA,NA,"H","CONCHO O&G",NA,"ft.","PERMIAN BASIN"
"159","5508LH","Midland","Oil/Gas","2017-07-05","active","PEGASUS (CONSOLIDATED)",31.68676236,-102.16244217,"CONSOLIDATED",NA,"2019-07-05","Texas","4232941797","2017-07-05","PEGASUS FIELD UNIT 3",NA,NA,NA,NA,NA,"H","CONCHO O&G",NA,"ft.","PERMIAN BASIN"
"160","5508BH","Midland","Oil/Gas","2017-07-05","active","PEGASUS (CONSOLIDATED)",31.68672612,-102.16258713,"CONSOLIDATED",NA,"2019-07-05","Texas","4232941788","2017-07-05","PEGASUS FIELD UNIT 3",NA,NA,NA,NA,NA,"H","CONCHO O&G",NA,"ft.","PERMIAN BASIN"
"161","H160WB","Midland","Oil/Gas","2017-07-05","active","SPRABERRY (TREND AREA)",31.96795832,-102.08939,"TREND AREA",NA,"2019-07-05","Texas","4232941802","2017-07-05","CHARGER",NA,NA,NA,NA,NA,"H","PERMIAN DEEP ROCK OIL CO",NA,"ft.","PERMIAN BASIN"
"162","H155WA","Midland","Oil/Gas","2017-07-05","active","SPRABERRY (TREND AREA)",31.96819674,-102.08836,"TREND AREA",NA,"2019-07-05","Texas","4232941803","2017-07-05","CHARGER",NA,NA,NA,NA,NA,"H","PERMIAN DEEP ROCK OIL CO",NA,"ft.","PERMIAN BASIN"
"163","H155SS","Midland","Oil/Gas","2017-07-05","active","SPRABERRY (TREND AREA)",31.96821963,-102.08826844,"TREND AREA",NA,"2019-07-05","Texas","4232941804","2017-07-05","CHARGER",NA,NA,NA,NA,NA,"H","PERMIAN DEEP ROCK OIL CO",NA,"ft.","PERMIAN BASIN"
"164","7","Mitchell","Oil/Gas","2017-07-05","active","PURVIS RANCH (WICHITA ALBANY)",32.21937865,-101.07712318,"WICHITA ALBANY",NA,"2019-07-05","Texas","4233535966","2017-07-05","BLACK ANGUS 47",NA,NA,NA,NA,NA,"V","PURVIS OIL",NA,"ft.","PERMIAN BASIN"
"165","16","Panola","Oil","2017-07-05","active","CARTHAGE (PETTIT, LOWER GAS)",32.156648,-94.23079126,"PETTIT, LOWER GAS",NA,"2019-07-05","Texas","4236530673","2017-07-05","HULL -A-",NA,NA,NA,NA,NA,"V","SHERIDAN PRODUCTION COMPANY",NA,"ft.","ARKLATEX"
"166","2T","Panola","Gas","2017-07-05","active","CARTHAGE (PETTIT, LOWER GAS)",32.1341859,-94.47478783,"PETTIT, LOWER GAS",NA,"2019-07-05","Texas","4236531045","2017-07-05","CGU 31",NA,NA,NA,NA,NA,"V","CCI EAST TEXAS UPSTREAM",NA,"ft.","ARKLATEX"
"167","1H","Reeves","Oil/Gas","2017-07-05","active","FORD, WEST (WOLFCAMP)",31.59902678,-103.83143857,"WOLFCAMP",NA,"2019-07-05","Texas","4238935272","2017-07-05","SNOWSHOE STATE 57-10 UNIT",NA,NA,NA,NA,NA,"H","CIMAREX",NA,"ft.","PERMIAN BASIN"
"168","10H","Reeves","Oil/Gas","2017-07-05","active","WOLFBONE (TREND AREA)",31.12167952,-103.63308695,"TREND AREA",NA,"2019-07-05","Texas","4238935303","2017-07-05","MEEKER 109",NA,NA,NA,NA,NA,"H","PRIMEXX OPERATING",NA,"ft.","PERMIAN BASIN"
"169","201AH","Reeves","Oil/Gas","2017-07-05","active","ALPINE HIGH (CONS)",31.15150026,-103.79064634,"CONS",NA,"2019-07-05","Texas","4238935524","2017-07-05","BLACK HAWK STATE",NA,NA,NA,NA,NA,"H","APACHE",NA,"ft.","PERMIAN BASIN"
"170","1H","Reeves","Oil/Gas","2017-07-05","active","PHANTOM (WOLFCAMP)",31.82579402,-103.92573008,"WOLFCAMP",NA,"2019-07-05","Texas","4238935785","2017-07-05","MINOTAUR 57-2-23",NA,NA,NA,NA,NA,"H","ANADARKO",NA,"ft.","PERMIAN BASIN"
"171","1","Reeves","Oil/Gas","2017-07-05","active","FORD, WEST (WOLFCAMP)",31.48240474,-103.94872085,"WOLFCAMP",NA,"2019-07-05","Texas","4238935875","2017-07-05","PEDRO STATE 9",NA,NA,NA,NA,NA,"D","ATLANTIC EXPLORATION",NA,"ft.","PERMIAN BASIN"
"172","A  4H","Reeves","Oil/Gas","2017-07-05","active","PHANTOM (WOLFCAMP)",31.53390407,-103.67591416,"WOLFCAMP",NA,"2019-07-05","Texas","4238935895","2017-07-05","TARVIN STATE 2",NA,NA,NA,NA,NA,"H","PDC PERMIAN",NA,"ft.","PERMIAN BASIN"
"173","2H","Reeves","Oil/Gas","2017-07-05","active","FORD, WEST (WOLFCAMP)",31.59897147,-103.83143857,"WOLFCAMP",NA,"2019-07-05","Texas","4238935994","2017-07-05","SNOWSHOE STATE 57-10 UNIT",NA,NA,NA,NA,NA,"H","CIMAREX",NA,"ft.","PERMIAN BASIN"
"174","3H","Reeves","Oil/Gas","2017-07-05","active","FORD, WEST (WOLFCAMP)",31.59935099,-103.83621476,"WOLFCAMP",NA,"2019-07-05","Texas","4238935999","2017-07-05","SNOWSHOE STATE 57-10 UNIT",NA,NA,NA,NA,NA,"H","CIMAREX",NA,"ft.","PERMIAN BASIN"
"175","401AH","Reeves","Oil/Gas","2017-07-05","active","PHANTOM (WOLFCAMP)",31.6637381,-103.87727846,"WOLFCAMP",NA,"2019-07-05","Texas","4238935989","2017-07-05","BULL RUN",NA,NA,NA,NA,NA,"H","APACHE",NA,"ft.","PERMIAN BASIN"
"176","1404H","Reeves","Oil","2017-07-05","active","HOEFS T-K (WOLFCAMP)",31.3788678,-103.48778778,"WOLFCAMP",NA,"2019-07-05","Texas","4238936040","2017-07-05","HOLLYWOOD UNIT",NA,NA,NA,NA,NA,"H","CONCHO O&G",NA,"ft.","PERMIAN BASIN"
"177","1405H","Reeves","Oil","2017-07-05","active","HOEFS T-K (WOLFCAMP)",31.3788926,-103.48792511,"WOLFCAMP",NA,"2019-07-05","Texas","4238936041","2017-07-05","HOLLYWOOD UNIT",NA,NA,NA,NA,NA,"H","CONCHO O&G",NA,"ft.","PERMIAN BASIN"
"178","1H","Reeves","Oil/Gas","2017-07-05","active","PHANTOM (WOLFCAMP)",31.72228976,-103.8148148,"WOLFCAMP",NA,"2019-07-05","Texas","4238936046","2017-07-05","CERBERUS 56-3-43 UNIT",NA,NA,NA,NA,NA,"H","ANADARKO",NA,"ft.","PERMIAN BASIN"
"179","102CH","Reeves","Oil/Gas","2017-07-05","active","ALPINE HIGH (CONS)",31.16857427,-103.79108127,"CONS",NA,"2019-07-05","Texas","4238936055","2017-07-05","CHINOOK",NA,NA,NA,NA,NA,"H","APACHE",NA,"ft.","PERMIAN BASIN"
"180","23H","Reeves","Oil/Gas","2017-07-05","active","WOLFBONE (TREND AREA)",31.06030583,-103.35737628,"TREND AREA",NA,"2019-07-05","Texas","4238936111","2017-07-05","THOMPSON 182-179-2N",NA,NA,NA,NA,NA,"H","OXY USA",NA,"ft.","PERMIAN BASIN"
"181","10H","Reeves","Oil/Gas","2017-07-05","active","PHANTOM (WOLFCAMP)",31.71351077,-103.7710813,"WOLFCAMP",NA,"2019-07-05","Texas","4238936125","2017-07-05","WILE E. COYOTE STATE 40",NA,NA,NA,NA,NA,"H","RKI EXPLORATION&PRODUCTION",NA,"ft.","PERMIAN BASIN"
"182","1HA","Reeves","Oil","2017-07-05","active","HOEFS T-K (WOLFCAMP)",30.93724083,-103.46596906,"WOLFCAMP",NA,"2019-07-05","Texas","4238936124","2017-07-05","GRAEF 1-12",NA,NA,NA,NA,NA,"H","PCORE EXPL & PROD II",NA,"ft.","PERMIAN BASIN"
"183","1HA","Reeves","Oil","2017-07-05","active","HOEFS T-K (WOLFCAMP)",30.95075815,-103.43578629,"WOLFCAMP",NA,"2019-07-05","Texas","4238936121","2017-07-05","STATE GRAEF 1-14",NA,NA,NA,NA,NA,"H","PCORE EXPL & PROD II",NA,"ft.","PERMIAN BASIN"
"184","4WD","Reeves","Other/Unknown","2017-07-05","active","BALMORHEA RANCH (BELL CANYON L)",31.14524588,-103.42002994,"BELL CANYON L",NA,"2019-07-05","Texas","4238936130","2017-07-05","BETTY LOU 15",NA,NA,NA,NA,NA,"V","OXY USA",NA,"ft.","PERMIAN BASIN"
"185","6H","Reeves","Oil/Gas","2017-07-05","active","FORD, WEST (WOLFCAMP)",31.6272059,-104.03899674,"WOLFCAMP",NA,"2019-07-05","Texas","4238936132","2017-07-05","DUBLIN STATE UNIT",NA,NA,NA,NA,NA,"H","THREE RIVERS OPER CO III",NA,"ft.","PERMIAN BASIN"
"186","1H","Reeves","Oil/Gas","2017-07-05","active","PHANTOM (WOLFCAMP)",31.85324955,-104.0174704,"WOLFCAMP",NA,"2019-07-05","Texas","4238936133","2017-07-05","LIGHTNING 58-2-13",NA,NA,NA,NA,NA,"H","ANADARKO",NA,"ft.","PERMIAN BASIN"
"187","1","Reeves","Gas","2017-07-05","active","PHANTOM (WOLFCAMP)",31.34625112,-103.45972598,"WOLFCAMP",NA,"2019-07-05","Texas","4238932698","2017-07-05","CWI STATE",NA,NA,NA,NA,NA,"V","CENTENNIAL RESOURCE PROD",NA,"ft.","PERMIAN BASIN"
"188","4","Reeves","Oil","2017-07-05","active","PHANTOM (WOLFCAMP)",31.34625175,-103.45435916,"WOLFCAMP",NA,"2019-07-05","Texas","4238932926","2017-07-05","CWI STATE",NA,NA,NA,NA,NA,"V","CENTENNIAL RESOURCE PROD",NA,"ft.","PERMIAN BASIN"
"189","5","Reeves","Oil","2017-07-05","active","PHANTOM (WOLFCAMP)",31.35479152,-103.46095936,"WOLFCAMP",NA,"2019-07-05","Texas","4238932895","2017-07-05","CWI STATE",NA,NA,NA,NA,NA,"V","CENTENNIAL RESOURCE PROD",NA,"ft.","PERMIAN BASIN"
"190","17H","Roberts","Oil/Gas","2017-07-05","active","PAN PETRO (CLEVELAND)",35.98946663,-100.85880991,"CLEVELAND",NA,"2019-07-05","Texas","4239332701","2017-07-05","MAYO CLINIC 'C'",NA,NA,NA,NA,NA,"H","LATIGO PETROLEUM",NA,"ft.","MID-CON"
"191","2150H","Roberts","Oil/Gas","2017-07-05","active","PAN PETRO (CLEVELAND)",36.00799074,-100.82491925,"CLEVELAND",NA,"2019-07-05","Texas","4239332702","2017-07-05","MAYO CLINIC 'C'",NA,NA,NA,NA,NA,"H","LATIGO PETROLEUM",NA,"ft.","MID-CON"
"192","9262A","Shackelford","Oil/Gas","2017-07-05","active","COOK RANCH",32.80130712,-99.35371355,NA,NA,"2019-07-05","Texas","4241739620","2017-07-05","COOK 62/83",NA,NA,NA,NA,NA,"V","STASNEY WELL SERVICE",NA,"ft.","PERMIAN BASIN"
"193","H  1","Shelby","Gas","2017-07-05","active","CARTHAGE (HAYNESVILLE SHALE)",31.71062428,-93.84875064,"HAYNESVILLE SHALE",NA,"2019-07-05","Texas","4241931762","2017-07-05","MARANON",NA,NA,NA,NA,NA,"H","XTO ENERGY",NA,"ft.","ARKLATEX"
"194","5","Shelby","Other/Unknown","2017-07-05","active","JOAQUIN (PETTIT)",31.93321449,-93.98679199,"PETTIT",NA,"2019-07-05","Texas","4241931781","2017-07-05","HARVCO",NA,NA,NA,NA,NA,"V","PRODUCED WATER TRANSFER",NA,"ft.","ARKLATEX"
"195","45","Stonewall","Oil","2017-07-05","active","CORSICA (BEND CONGLOMERATE)",33.12016188,-100.06292443,"BEND CONGLOMERATE",NA,"2019-07-05","Texas","4243334125","2017-07-05","CORSICA UNIT",NA,NA,NA,NA,NA,"V","J O C OPERATING",NA,"ft.","PERMIAN BASIN"
"196","35W","Stonewall","Injector","2017-07-05","active","CORSICA (BEND CONGLOMERATE)",33.11658757,-100.06673925,"BEND CONGLOMERATE",NA,"2019-07-05","Texas","4243301530","2017-07-05","CORSICA UNIT",NA,NA,NA,NA,NA,"V","J O C OPERATING",NA,"ft.","PERMIAN BASIN"
"197","31","Throckmorton","Oil","2017-07-05","active","THROCKMORTON COUNTY REGULAR",32.98998009,-99.1615703,NA,NA,"2019-07-05","Texas","4244736728","2017-07-05","WBRR 233",NA,NA,NA,NA,NA,"V","DRAKE PETR",NA,"ft.","PERMIAN BASIN"
"198","32","Throckmorton","Oil","2017-07-05","active","THROCKMORTON COUNTY REGULAR",32.99051793,-99.16240956,NA,NA,"2019-07-05","Texas","4244736729","2017-07-05","WBRR 233",NA,NA,NA,NA,NA,"V","DRAKE PETR",NA,"ft.","PERMIAN BASIN"
"199","29","Throckmorton","Oil","2017-07-05","active","THROCKMORTON COUNTY REGULAR",32.98943462,-99.16063186,NA,NA,"2019-07-05","Texas","4244736730","2017-07-05","WBRR 233",NA,NA,NA,NA,NA,"V","DRAKE PETR",NA,"ft.","PERMIAN BASIN"
"200","57","Throckmorton","Oil","2017-07-05","active","THROCKMORTON COUNTY REGULAR",32.98974739,-99.16295125,NA,NA,"2019-07-05","Texas","4244736731","2017-07-05","WBRR 233",NA,NA,NA,NA,NA,"V","DRAKE PETR",NA,"ft.","PERMIAN BASIN"
"201","58","Throckmorton","Oil","2017-07-05","active","THROCKMORTON COUNTY REGULAR",32.98912563,-99.16167711,NA,NA,"2019-07-05","Texas","4244736732","2017-07-05","WBRR 233",NA,NA,NA,NA,NA,"V","DRAKE PETR",NA,"ft.","PERMIAN BASIN"
"202","3801BH","Upton","Oil/Gas","2017-07-05","active","SPRABERRY (TREND AREA)",31.50410296,-102.12333311,"TREND AREA",NA,"2019-07-05","Texas","4246140258","2017-07-05","NEAL RANCH 38 C UNIT",NA,NA,NA,NA,NA,"H","CONCHO O&G",NA,"ft.","PERMIAN BASIN"
"203","2H","Ward","Oil/Gas","2017-07-05","active","PHANTOM (WOLFCAMP)",31.42475379,-103.0779381,"WOLFCAMP",NA,"2019-07-05","Texas","4247537228","2017-07-05","STATE 5913A GG HOUSTON",NA,NA,NA,NA,NA,"H","JAGGED PEAK ENERGY",NA,"ft.","PERMIAN BASIN"
"204","7LA","Ward","Oil/Gas","2017-07-05","active","PHANTOM (WOLFCAMP)",31.50546564,-103.31124538,"WOLFCAMP",NA,"2019-07-05","Texas","4247537267","2017-07-05","SARATOGA A1",NA,NA,NA,NA,NA,"H","CALLON PETROLEUM",NA,"ft.","PERMIAN BASIN"
"205","31H","Webb","Gas","2017-07-05","active","BRISCOE RANCH (EAGLEFORD)",27.9305646,-99.49337437,"EAGLEFORD",NA,"2019-07-05","Texas","4247943734","2017-07-05","CERRITO",NA,NA,NA,NA,NA,"H","ESCONDIDO RESOURCES OPER CO",NA,"ft.","GULF COAST"
"206","32H","Webb","Gas","2017-07-05","active","BRISCOE RANCH (EAGLEFORD)",27.93052837,-99.49335148,"EAGLEFORD",NA,"2019-07-05","Texas","4247943735","2017-07-05","CERRITO",NA,NA,NA,NA,NA,"H","ESCONDIDO RESOURCES OPER CO",NA,"ft.","GULF COAST"
"207","34H","Webb","Gas","2017-07-05","active","OWEN (OLMOS)",27.93045398,-99.49331333,"OLMOS",NA,"2019-07-05","Texas","4247943742","2017-07-05","CERRITO MATRIX UNIT D",NA,NA,NA,NA,NA,"H","ESCONDIDO RESOURCES OPER CO",NA,"ft.","GULF COAST"
"208","33H","Webb","Gas","2017-07-05","active","BRISCOE RANCH (EAGLEFORD)",27.93049022,-99.49333622,"EAGLEFORD",NA,"2019-07-05","Texas","4247943736","2017-07-05","CERRITO",NA,NA,NA,NA,NA,"H","ESCONDIDO RESOURCES OPER CO",NA,"ft.","GULF COAST"
"209","35H","Webb","Gas","2017-07-05","active","OWEN (OLMOS)",27.93041584,-99.49329044,"OLMOS",NA,"2019-07-05","Texas","4247943743","2017-07-05","CERRITO MATRIX UNIT D",NA,NA,NA,NA,NA,"H","ESCONDIDO RESOURCES OPER CO",NA,"ft.","GULF COAST"
"210","W101CN","Winkler","Oil/Gas","2017-07-05","active","PHANTOM (WOLFCAMP)",31.75384938,-103.26007761,"WOLFCAMP",NA,"2019-07-05","Texas","4249533880","2017-07-05","UNIVERSITY B21 8",NA,NA,NA,NA,NA,"H","MEWBOURNE",NA,"ft.","PERMIAN BASIN"
"211","1","Winkler","Injector","2017-07-05","active","WINK, S. (BONE SPRINGS)",31.79855564,-103.26302391,"BONE SPRINGS",NA,"2019-07-05","Texas","4249533881","2017-07-05","ROARK 40-27",NA,NA,NA,NA,NA,"V","FELIX WATER",NA,"ft.","PERMIAN BASIN"
"212","101","Winkler","Oil/Gas","2017-07-05","active","KEYSTONE (CONSOLIDATED)",31.9039091,-103.09312765,"CONSOLIDATED",NA,"2019-07-05","Texas","4249533882","2017-07-05","STATE-WALTON 'E'",NA,NA,NA,NA,NA,"V","BLACKBEARD OPERATING",NA,"ft.","PERMIAN BASIN"
"213","2710","Andrews","Oil/Gas","2017-07-05","active","LOWE, WEST (STRAWN)",32.10234566,-102.25187305,"STRAWN",NA,"2019-07-05","Texas","4200347597","2017-07-05","FEE 'BN'",NA,NA,NA,NA,NA,"V","FASKEN",NA,"ft.","PERMIAN BASIN"
"214","A  5H","Atascosa","Oil/Gas","2017-07-05","active","EAGLEVILLE (EAGLE FORD-1)",28.79446568,-98.16090679,"EAGLE FORD-1",NA,"2019-07-05","Texas","4201335494","2017-07-05","WSRU ALLOCATION #3",NA,NA,NA,NA,NA,"H","XTO ENERGY",NA,"ft.","GULF COAST"
"215","A  6H","Atascosa","Oil/Gas","2017-07-05","active","EAGLEVILLE (EAGLE FORD-1)",28.79442372,-98.16086864,"EAGLE FORD-1",NA,"2019-07-05","Texas","4201335495","2017-07-05","WSRU ALLOCATION #4",NA,NA,NA,NA,NA,"H","XTO ENERGY",NA,"ft.","GULF COAST"
"216","A  7H","Atascosa","Oil/Gas","2017-07-05","active","EAGLEVILLE (EAGLE FORD-1)",28.79437986,-98.16083049,"EAGLE FORD-1",NA,"2019-07-05","Texas","4201335496","2017-07-05","WSRU ALLOCATION #5",NA,NA,NA,NA,NA,"H","XTO ENERGY",NA,"ft.","GULF COAST"
"217","A  8H","Atascosa","Oil/Gas","2017-07-05","active","EAGLEVILLE (EAGLE FORD-1)",28.7943379,-98.16079234,"EAGLE FORD-1",NA,"2019-07-05","Texas","4201335497","2017-07-05","WSRU ALLOCATION #6",NA,NA,NA,NA,NA,"H","XTO ENERGY",NA,"ft.","GULF COAST"
"218","4","Borden","Oil/Gas","2017-07-05","active","SPRABERRY (TREND AREA)",32.52536616,-101.61828662,"TREND AREA",NA,"2019-07-05","Texas","4203332427","2017-07-05","ABOMINABLE SNOWMAN",NA,NA,NA,NA,NA,"V","SURGE OPERATING",NA,"ft.","PERMIAN BASIN"
"219","3","Brazoria","Oil/Gas","2017-07-05","active","RATTLESNAKE MOUND (6050)",29.22509214,-95.11624062,"6050",NA,"2019-07-05","Texas","4203933300","2017-07-05","BLACKSTONE",NA,NA,NA,NA,NA,"V","CORUM PRODUCTION COMPANY",NA,"ft.","GULF COAST"
"220","1838H","Culberson","Oil/Gas","2017-07-05","active","FORD, WEST (WOLFCAMP)",31.96987496,-104.10594106,"WOLFCAMP",NA,"2019-07-05","Texas","4210933116","2017-07-05","GRISSOM",NA,NA,NA,NA,NA,"H","CONCHO O&G",NA,"ft.","PERMIAN BASIN"
"221","1H","Culberson","Oil/Gas","2017-07-05","active","FORD, WEST (WOLFCAMP)",31.78734984,-104.37126466,"WOLFCAMP",NA,"2019-07-05","Texas","4210933141","2017-07-05","WACO KID STATE UNIT 34",NA,NA,NA,NA,NA,"H","SCALA ENERGY OPERATING",NA,"ft.","PERMIAN BASIN"
"222","5H","Culberson","Oil/Gas","2017-07-05","active","FORD, WEST (WOLFCAMP)",31.61234558,-104.12515803,"WOLFCAMP",NA,"2019-07-05","Texas","4210933142","2017-07-05","WATERS STATE UNIT",NA,NA,NA,NA,NA,"H","THREE RIVERS OPER CO III",NA,"ft.","PERMIAN BASIN"
"223","101","Dewitt","Oil/Gas","2017-07-05","active","DE WITT (EAGLE FORD SHALE)",29.05388643,-97.5217101,"EAGLE FORD SHALE",NA,"2019-07-05","Texas","4212334440","2017-07-05","P. CRAIN UNIT A",NA,NA,NA,NA,NA,"H","BURLINGTON RESOURCES",NA,"ft.","GULF COAST"
"224","3","Dewitt","Oil/Gas","2017-07-05","active","DE WITT (EAGLE FORD SHALE)",29.05393793,-97.52167959,"EAGLE FORD SHALE",NA,"2019-07-05","Texas","4212334445","2017-07-05","P. CRAIN UNIT A",NA,NA,NA,NA,NA,"H","BURLINGTON RESOURCES",NA,"ft.","GULF COAST"
"225","1","Gaines","Dry Hole","2017-07-05","active","MARIANNA",32.77692672,-103.0428336,NA,NA,"2019-07-05","Texas","4216533205","2017-07-05","GRANBERRY",NA,NA,NA,NA,NA,"V","JOINT RESOURCES COMPANY",NA,"ft.","PERMIAN BASIN"
"226","1H","Gaines","Oil","2017-07-05","active","CARTER-NEW MEXICO (SAN ANDRES)",32.77083133,-103.05128675,"SAN ANDRES",NA,"2019-07-05","Texas","4216538591","2017-07-05","RENEGADE",NA,NA,NA,NA,NA,"H","JOINT RESOURCES COMPANY",NA,"ft.","PERMIAN BASIN"
"227","105HB","Glasscock","Oil/Gas","2017-07-05","active","SPRABERRY (TREND AREA)",31.77176168,-101.73252119,"TREND AREA",NA,"2019-07-05","Texas","4217337615","2017-07-05","HARRIS-COOK 50",NA,NA,NA,NA,NA,"H","HUNT OIL COMPANY",NA,"ft.","PERMIAN BASIN"
"228","305NM","Glasscock","Oil/Gas","2017-07-05","active","SPRABERRY (TREND AREA)",31.68016909,-101.50910295,"TREND AREA",NA,"2019-07-05","Texas","4217337650","2017-07-05","BODINE-C-",NA,NA,NA,NA,NA,"H","LAREDO PETROLEUM",NA,"ft.","PERMIAN BASIN"
"229","305NS","Glasscock","Oil/Gas","2017-07-05","active","SPRABERRY (TREND AREA)",31.68030259,-101.50914873,"TREND AREA",NA,"2019-07-05","Texas","4217337651","2017-07-05","BODINE-C-",NA,NA,NA,NA,NA,"H","LAREDO PETROLEUM",NA,"ft.","PERMIAN BASIN"
"230","306NM","Glasscock","Oil/Gas","2017-07-05","active","SPRABERRY (TREND AREA)",31.68023583,-101.50912583,"TREND AREA",NA,"2019-07-05","Texas","4217337652","2017-07-05","BODINE-C-",NA,NA,NA,NA,NA,"H","LAREDO PETROLEUM",NA,"ft.","PERMIAN BASIN"
"231","1H","Gonzales","Oil","2017-07-05","active","EAGLEVILLE (EAGLE FORD-1)",29.200749,-97.65550107,"EAGLE FORD-1",NA,"2019-07-05","Texas","4217733837","2017-07-05","ELI R. HUFFMAN JR.",NA,NA,NA,NA,NA,"H","ROSEWOOD RESOURCES",NA,"ft.","GULF COAST"
"232","2","Grayson","Oil/Gas","2017-07-05","active","BIG MINERAL CREEK (SIMPSON)",33.74380906,-96.79908312,"SIMPSON",NA,"2019-07-05","Texas","4218131592","2017-07-05","HAZLIP",NA,NA,NA,NA,NA,"V","ATOKA OPERATING",NA,"ft.","PERMIAN BASIN"
"233","8SH","Howard","Oil/Gas","2017-07-05","active","SPRABERRY (TREND AREA)",32.52180367,-101.57389739,"TREND AREA",NA,"2019-07-05","Texas","4222739177","2017-07-05","WILLIAMS UNIT B 24-13",NA,NA,NA,NA,NA,"H","SURGE OPERATING",NA,"ft.","PERMIAN BASIN"
"234","8AH","Howard","Oil/Gas","2017-07-05","active","SPRABERRY (TREND AREA)",32.4351173,-101.56184851,"TREND AREA",NA,"2019-07-05","Texas","4222739183","2017-07-05","ELROD-ANTELL UNIT 'B' 11-02",NA,NA,NA,NA,NA,"H","SURGE OPERATING",NA,"ft.","PERMIAN BASIN"
"235","2D","Howard","Other/Unknown","2017-07-05","active","SPRABERRY (TREND AREA)",32.22896946,-101.59792493,"TREND AREA",NA,"2019-07-05","Texas","4222739186","2017-07-05","WALTERS 34 SWD",NA,NA,NA,NA,NA,"V","PARSLEY ENERGY OPERATIONS",NA,"ft.","PERMIAN BASIN"
"236","1027LM","Irion","Oil/Gas","2017-07-05","active","WILDCAT",31.29843496,-101.18460322,NA,NA,"2019-07-05","Texas","4223536205","2017-07-05","BARNHART",NA,NA,NA,NA,NA,"H","TRACKER RESOURCE DEV III",NA,"ft.","PERMIAN BASIN"
"237","1026LU","Irion","Oil/Gas","2017-07-05","active","SPRABERRY (TREND AREA)",31.29843496,-101.18467952,"TREND AREA",NA,"2019-07-05","Texas","4223536206","2017-07-05","BARNHART",NA,NA,NA,NA,NA,"H","TRACKER RESOURCE DEV III",NA,"ft.","PERMIAN BASIN"
"238","1025LM","Irion","Oil/Gas","2017-07-05","active","SPRABERRY (TREND AREA)",31.29843686,-101.18476344,"TREND AREA",NA,"2019-07-05","Texas","4223536207","2017-07-05","BARNHART",NA,NA,NA,NA,NA,"H","TRACKER RESOURCE DEV III",NA,"ft.","PERMIAN BASIN"
"239","1","Irion","Oil/Gas","2017-07-05","active","JUNE ANN (CISCO)",31.52255048,-100.73480169,"CISCO",NA,"2019-07-05","Texas","4223536208","2017-07-05","TURNER RANCH T.D. 8",NA,NA,NA,NA,NA,"V","BANNER OPERATING",NA,"ft.","PERMIAN BASIN"
"240","8H","Karnes","Oil/Gas","2017-07-05","active","SUGARKANE (EAGLE FORD)",28.78693605,-97.97991836,"EAGLE FORD",NA,"2019-07-05","Texas","4225535543","2017-07-05","HOLLMAN UNIT",NA,NA,NA,NA,NA,"H","MARATHON",NA,"ft.","GULF COAST"
"241","9H","Karnes","Oil/Gas","2017-07-05","active","SUGARKANE (EAGLE FORD)",28.78690553,-97.9800023,"EAGLE FORD",NA,"2019-07-05","Texas","4225535544","2017-07-05","HOLLMAN UNIT",NA,NA,NA,NA,NA,"H","MARATHON",NA,"ft.","GULF COAST"
"242","5H","Karnes","Oil","2017-07-05","active","EAGLEVILLE (EAGLE FORD-2)",29.14486906,-97.68343344,"EAGLE FORD-2",NA,"2019-07-05","Texas","4225535547","2017-07-05","TBK UNIT",NA,NA,NA,NA,NA,"H","ENERVEST",NA,"ft.","GULF COAST"
"243","6H","Karnes","Oil","2017-07-05","active","EAGLEVILLE (EAGLE FORD-2)",29.14492246,-97.68345633,"EAGLE FORD-2",NA,"2019-07-05","Texas","4225535548","2017-07-05","TBK UNIT",NA,NA,NA,NA,NA,"H","ENERVEST",NA,"ft.","GULF COAST"
"244","7H","Karnes","Oil","2017-07-05","active","EAGLEVILLE (EAGLE FORD-2)",29.14497396,-97.68347159,"EAGLE FORD-2",NA,"2019-07-05","Texas","4225535549","2017-07-05","TBK UNIT",NA,NA,NA,NA,NA,"H","ENERVEST",NA,"ft.","GULF COAST"
"245","7H","Karnes","Oil","2017-07-05","active","EAGLEVILLE (EAGLE FORD-2)",28.99055106,-97.92398667,"EAGLE FORD-2",NA,"2019-07-05","Texas","4225535550","2017-07-05","POP UNIT",NA,NA,NA,NA,NA,"H","EOG RESOURCES",NA,"ft.","GULF COAST"
"246","33H","La Salle","Gas","2017-07-05","active","HAWKVILLE (EAGLEFORD SHALE)",28.21493704,-99.13316471,"EAGLEFORD SHALE",NA,"2019-07-05","Texas","4228335050","2017-07-05","DORA MARTIN A",NA,NA,NA,NA,NA,"H","LEWIS PETRO PROPERTIES",NA,"ft.","GULF COAST"
"247","34H","La Salle","Gas","2017-07-05","active","HAWKVILLE (EAGLEFORD SHALE)",28.21493513,-99.13311894,"EAGLEFORD SHALE",NA,"2019-07-05","Texas","4228335051","2017-07-05","DORA MARTIN A",NA,NA,NA,NA,NA,"H","LEWIS PETRO PROPERTIES",NA,"ft.","GULF COAST"
"248","35H","La Salle","Gas","2017-07-05","active","HAWKVILLE (EAGLEFORD SHALE)",28.21493513,-99.13307316,"EAGLEFORD SHALE",NA,"2019-07-05","Texas","4228335049","2017-07-05","DORA MARTIN A",NA,NA,NA,NA,NA,"H","LEWIS PETRO PROPERTIES",NA,"ft.","GULF COAST"
"249","3H","Loving","Oil/Gas","2017-07-05","active","PHANTOM (WOLFCAMP)",31.77418535,-103.34655262,"WOLFCAMP",NA,"2019-07-05","Texas","4230133447","2017-07-05","CROSS MOUNTAIN 4045-28",NA,NA,NA,NA,NA,"H","FELIX ENERGY HOLDINGS II",NA,"ft.","PERMIAN BASIN"
"250","1H","Loving","Oil/Gas","2017-07-05","active","PHANTOM (WOLFCAMP)",31.97039342,-103.87003727,"WOLFCAMP",NA,"2019-07-05","Texas","4230133454","2017-07-05","YMC 9",NA,NA,NA,NA,NA,"H","RKI EXPLORATION&PRODUCTION",NA,"ft.","PERMIAN BASIN"
"251","3H","Loving","Oil/Gas","2017-07-05","active","PHANTOM (WOLFCAMP)",31.96909645,-103.85786784,"WOLFCAMP",NA,"2019-07-05","Texas","4230133455","2017-07-05","YMC 9",NA,NA,NA,NA,NA,"H","RKI EXPLORATION&PRODUCTION",NA,"ft.","PERMIAN BASIN"
"252","3H","Loving","Oil/Gas","2017-07-05","active","PHANTOM (WOLFCAMP)",31.93887423,-103.37256638,"WOLFCAMP",NA,"2019-07-05","Texas","4230133484","2017-07-05","PISTOL 24-20",NA,NA,NA,NA,NA,"H","RSP PERMIAN",NA,"ft.","PERMIAN BASIN"
"253","O  1H","McMullen","Oil/Gas","2017-07-05","active","EAGLEVILLE (EAGLE FORD-1)",28.46809077,-98.54182191,"EAGLE FORD-1",NA,"2019-07-05","Texas","4231136652","2017-07-05","TILDEN UNIT",NA,NA,NA,NA,NA,"H","STATOIL TEXAS ONSHORE PROP",NA,"ft.","GULF COAST"
"254","98H","McMullen","Oil","2017-07-05","active","EAGLEVILLE (EAGLE FORD-1)",28.64608528,-98.37399372,"EAGLE FORD-1",NA,"2019-07-05","Texas","4231136734","2017-07-05","MIDDLE MCCOWEN",NA,NA,NA,NA,NA,"H","MARATHON",NA,"ft.","GULF COAST"
"255","607H","Martin","Oil/Gas","2017-07-05","active","SPRABERRY (TREND AREA)",32.35111894,-101.75006919,"TREND AREA",NA,"2019-07-05","Texas","4231740821","2017-07-05","WILBANKS ALLAR EAST UNIT",NA,NA,NA,NA,NA,"H","ENERGEN",NA,"ft.","PERMIAN BASIN"
"256","5MS","Martin","Oil/Gas","2017-07-05","active","SPRABERRY (TREND AREA)",32.13628311,-102.00793133,"TREND AREA",NA,"2019-07-05","Texas","4231740845","2017-07-05","FINISHING NAIL 2528A",NA,NA,NA,NA,NA,"H","CROWNQUEST OPERATING",NA,"ft.","PERMIAN BASIN"
"257","4650BH","Midland","Oil/Gas","2017-07-05","active","SPRABERRY (TREND AREA) R 40 EXC",31.70291952,-101.8813825,"TREND AREA",NA,"2019-07-05","Texas","4232941731","2017-07-05","MIDKIFF-HALFMANN 39-46 4600",NA,NA,NA,NA,NA,"H","XTO ENERGY",NA,"ft.","PERMIAN BASIN"
"258","3306MH","Midland","Oil/Gas","2017-07-05","active","SPRABERRY (TREND AREA)",31.86170767,-102.27542174,"TREND AREA",NA,"2019-07-05","Texas","4232941783","2017-07-05","ROY PARKS B",NA,NA,NA,NA,NA,"H","CONCHO O&G",NA,"ft.","PERMIAN BASIN"
"259","5508LH","Midland","Oil/Gas","2017-07-05","active","PEGASUS (CONSOLIDATED)",31.68676236,-102.16244217,"CONSOLIDATED",NA,"2019-07-05","Texas","4232941797","2017-07-05","PEGASUS FIELD UNIT 3",NA,NA,NA,NA,NA,"H","CONCHO O&G",NA,"ft.","PERMIAN BASIN"
"260","5508BH","Midland","Oil/Gas","2017-07-05","active","PEGASUS (CONSOLIDATED)",31.68672612,-102.16258713,"CONSOLIDATED",NA,"2019-07-05","Texas","4232941788","2017-07-05","PEGASUS FIELD UNIT 3",NA,NA,NA,NA,NA,"H","CONCHO O&G",NA,"ft.","PERMIAN BASIN"
"261","H160WB","Midland","Oil/Gas","2017-07-05","active","SPRABERRY (TREND AREA)",31.96795832,-102.08939,"TREND AREA",NA,"2019-07-05","Texas","4232941802","2017-07-05","CHARGER",NA,NA,NA,NA,NA,"H","PERMIAN DEEP ROCK OIL CO",NA,"ft.","PERMIAN BASIN"
"262","H155WA","Midland","Oil/Gas","2017-07-05","active","SPRABERRY (TREND AREA)",31.96819674,-102.08836,"TREND AREA",NA,"2019-07-05","Texas","4232941803","2017-07-05","CHARGER",NA,NA,NA,NA,NA,"H","PERMIAN DEEP ROCK OIL CO",NA,"ft.","PERMIAN BASIN"
"263","H155SS","Midland","Oil/Gas","2017-07-05","active","SPRABERRY (TREND AREA)",31.96821963,-102.08826844,"TREND AREA",NA,"2019-07-05","Texas","4232941804","2017-07-05","CHARGER",NA,NA,NA,NA,NA,"H","PERMIAN DEEP ROCK OIL CO",NA,"ft.","PERMIAN BASIN"
"264","7","Mitchell","Oil/Gas","2017-07-05","active","PURVIS RANCH (WICHITA ALBANY)",32.21937865,-101.07712318,"WICHITA ALBANY",NA,"2019-07-05","Texas","4233535966","2017-07-05","BLACK ANGUS 47",NA,NA,NA,NA,NA,"V","PURVIS OIL",NA,"ft.","PERMIAN BASIN"
"265","16","Panola","Oil","2017-07-05","active","CARTHAGE (PETTIT, LOWER GAS)",32.156648,-94.23079126,"PETTIT, LOWER GAS",NA,"2019-07-05","Texas","4236530673","2017-07-05","HULL -A-",NA,NA,NA,NA,NA,"V","SHERIDAN PRODUCTION COMPANY",NA,"ft.","ARKLATEX"
"266","2T","Panola","Gas","2017-07-05","active","CARTHAGE (PETTIT, LOWER GAS)",32.1341859,-94.47478783,"PETTIT, LOWER GAS",NA,"2019-07-05","Texas","4236531045","2017-07-05","CGU 31",NA,NA,NA,NA,NA,"V","CCI EAST TEXAS UPSTREAM",NA,"ft.","ARKLATEX"
"267","1H","Reeves","Oil/Gas","2017-07-05","active","FORD, WEST (WOLFCAMP)",31.59902678,-103.83143857,"WOLFCAMP",NA,"2019-07-05","Texas","4238935272","2017-07-05","SNOWSHOE STATE 57-10 UNIT",NA,NA,NA,NA,NA,"H","CIMAREX",NA,"ft.","PERMIAN BASIN"
"268","10H","Reeves","Oil/Gas","2017-07-05","active","WOLFBONE (TREND AREA)",31.12167952,-103.63308695,"TREND AREA",NA,"2019-07-05","Texas","4238935303","2017-07-05","MEEKER 109",NA,NA,NA,NA,NA,"H","PRIMEXX OPERATING",NA,"ft.","PERMIAN BASIN"
"269","201AH","Reeves","Oil/Gas","2017-07-05","active","ALPINE HIGH (CONS)",31.15150026,-103.79064634,"CONS",NA,"2019-07-05","Texas","4238935524","2017-07-05","BLACK HAWK STATE",NA,NA,NA,NA,NA,"H","APACHE",NA,"ft.","PERMIAN BASIN"
"270","1H","Reeves","Oil/Gas","2017-07-05","active","PHANTOM (WOLFCAMP)",31.82579402,-103.92573008,"WOLFCAMP",NA,"2019-07-05","Texas","4238935785","2017-07-05","MINOTAUR 57-2-23",NA,NA,NA,NA,NA,"H","ANADARKO",NA,"ft.","PERMIAN BASIN"
"271","1","Reeves","Oil/Gas","2017-07-05","active","FORD, WEST (WOLFCAMP)",31.48240474,-103.94872085,"WOLFCAMP",NA,"2019-07-05","Texas","4238935875","2017-07-05","PEDRO STATE 9",NA,NA,NA,NA,NA,"D","ATLANTIC EXPLORATION",NA,"ft.","PERMIAN BASIN"
"272","A  4H","Reeves","Oil/Gas","2017-07-05","active","PHANTOM (WOLFCAMP)",31.53390407,-103.67591416,"WOLFCAMP",NA,"2019-07-05","Texas","4238935895","2017-07-05","TARVIN STATE 2",NA,NA,NA,NA,NA,"H","PDC PERMIAN",NA,"ft.","PERMIAN BASIN"
"273","2H","Reeves","Oil/Gas","2017-07-05","active","FORD, WEST (WOLFCAMP)",31.59897147,-103.83143857,"WOLFCAMP",NA,"2019-07-05","Texas","4238935994","2017-07-05","SNOWSHOE STATE 57-10 UNIT",NA,NA,NA,NA,NA,"H","CIMAREX",NA,"ft.","PERMIAN BASIN"
"274","3H","Reeves","Oil/Gas","2017-07-05","active","FORD, WEST (WOLFCAMP)",31.59935099,-103.83621476,"WOLFCAMP",NA,"2019-07-05","Texas","4238935999","2017-07-05","SNOWSHOE STATE 57-10 UNIT",NA,NA,NA,NA,NA,"H","CIMAREX",NA,"ft.","PERMIAN BASIN"
"275","401AH","Reeves","Oil/Gas","2017-07-05","active","PHANTOM (WOLFCAMP)",31.6637381,-103.87727846,"WOLFCAMP",NA,"2019-07-05","Texas","4238935989","2017-07-05","BULL RUN",NA,NA,NA,NA,NA,"H","APACHE",NA,"ft.","PERMIAN BASIN"
"276","1404H","Reeves","Oil","2017-07-05","active","HOEFS T-K (WOLFCAMP)",31.3788678,-103.48778778,"WOLFCAMP",NA,"2019-07-05","Texas","4238936040","2017-07-05","HOLLYWOOD UNIT",NA,NA,NA,NA,NA,"H","CONCHO O&G",NA,"ft.","PERMIAN BASIN"
"277","1405H","Reeves","Oil","2017-07-05","active","HOEFS T-K (WOLFCAMP)",31.3788926,-103.48792511,"WOLFCAMP",NA,"2019-07-05","Texas","4238936041","2017-07-05","HOLLYWOOD UNIT",NA,NA,NA,NA,NA,"H","CONCHO O&G",NA,"ft.","PERMIAN BASIN"
"278","1H","Reeves","Oil/Gas","2017-07-05","active","PHANTOM (WOLFCAMP)",31.72228976,-103.8148148,"WOLFCAMP",NA,"2019-07-05","Texas","4238936046","2017-07-05","CERBERUS 56-3-43 UNIT",NA,NA,NA,NA,NA,"H","ANADARKO",NA,"ft.","PERMIAN BASIN"
"279","102CH","Reeves","Oil/Gas","2017-07-05","active","ALPINE HIGH (CONS)",31.16857427,-103.79108127,"CONS",NA,"2019-07-05","Texas","4238936055","2017-07-05","CHINOOK",NA,NA,NA,NA,NA,"H","APACHE",NA,"ft.","PERMIAN BASIN"
"280","23H","Reeves","Oil/Gas","2017-07-05","active","WOLFBONE (TREND AREA)",31.06030583,-103.35737628,"TREND AREA",NA,"2019-07-05","Texas","4238936111","2017-07-05","THOMPSON 182-179-2N",NA,NA,NA,NA,NA,"H","OXY USA",NA,"ft.","PERMIAN BASIN"
"281","10H","Reeves","Oil/Gas","2017-07-05","active","PHANTOM (WOLFCAMP)",31.71351077,-103.7710813,"WOLFCAMP",NA,"2019-07-05","Texas","4238936125","2017-07-05","WILE E. COYOTE STATE 40",NA,NA,NA,NA,NA,"H","RKI EXPLORATION&PRODUCTION",NA,"ft.","PERMIAN BASIN"
"282","1HA","Reeves","Oil","2017-07-05","active","HOEFS T-K (WOLFCAMP)",30.93724083,-103.46596906,"WOLFCAMP",NA,"2019-07-05","Texas","4238936124","2017-07-05","GRAEF 1-12",NA,NA,NA,NA,NA,"H","PCORE EXPL & PROD II",NA,"ft.","PERMIAN BASIN"
"283","1HA","Reeves","Oil","2017-07-05","active","HOEFS T-K (WOLFCAMP)",30.95075815,-103.43578629,"WOLFCAMP",NA,"2019-07-05","Texas","4238936121","2017-07-05","STATE GRAEF 1-14",NA,NA,NA,NA,NA,"H","PCORE EXPL & PROD II",NA,"ft.","PERMIAN BASIN"
"284","4WD","Reeves","Other/Unknown","2017-07-05","active","BALMORHEA RANCH (BELL CANYON L)",31.14524588,-103.42002994,"BELL CANYON L",NA,"2019-07-05","Texas","4238936130","2017-07-05","BETTY LOU 15",NA,NA,NA,NA,NA,"V","OXY USA",NA,"ft.","PERMIAN BASIN"
"285","6H","Reeves","Oil/Gas","2017-07-05","active","FORD, WEST (WOLFCAMP)",31.6272059,-104.03899674,"WOLFCAMP",NA,"2019-07-05","Texas","4238936132","2017-07-05","DUBLIN STATE UNIT",NA,NA,NA,NA,NA,"H","THREE RIVERS OPER CO III",NA,"ft.","PERMIAN BASIN"
"286","1H","Reeves","Oil/Gas","2017-07-05","active","PHANTOM (WOLFCAMP)",31.85324955,-104.0174704,"WOLFCAMP",NA,"2019-07-05","Texas","4238936133","2017-07-05","LIGHTNING 58-2-13",NA,NA,NA,NA,NA,"H","ANADARKO",NA,"ft.","PERMIAN BASIN"
"287","1","Reeves","Gas","2017-07-05","active","PHANTOM (WOLFCAMP)",31.34625112,-103.45972598,"WOLFCAMP",NA,"2019-07-05","Texas","4238932698","2017-07-05","CWI STATE",NA,NA,NA,NA,NA,"V","CENTENNIAL RESOURCE PROD",NA,"ft.","PERMIAN BASIN"
"288","4","Reeves","Oil","2017-07-05","active","PHANTOM (WOLFCAMP)",31.34625175,-103.45435916,"WOLFCAMP",NA,"2019-07-05","Texas","4238932926","2017-07-05","CWI STATE",NA,NA,NA,NA,NA,"V","CENTENNIAL RESOURCE PROD",NA,"ft.","PERMIAN BASIN"
"289","5","Reeves","Oil","2017-07-05","active","PHANTOM (WOLFCAMP)",31.35479152,-103.46095936,"WOLFCAMP",NA,"2019-07-05","Texas","4238932895","2017-07-05","CWI STATE",NA,NA,NA,NA,NA,"V","CENTENNIAL RESOURCE PROD",NA,"ft.","PERMIAN BASIN"
"290","17H","Roberts","Oil/Gas","2017-07-05","active","PAN PETRO (CLEVELAND)",35.98946663,-100.85880991,"CLEVELAND",NA,"2019-07-05","Texas","4239332701","2017-07-05","MAYO CLINIC 'C'",NA,NA,NA,NA,NA,"H","LATIGO PETROLEUM",NA,"ft.","MID-CON"
"291","2150H","Roberts","Oil/Gas","2017-07-05","active","PAN PETRO (CLEVELAND)",36.00799074,-100.82491925,"CLEVELAND",NA,"2019-07-05","Texas","4239332702","2017-07-05","MAYO CLINIC 'C'",NA,NA,NA,NA,NA,"H","LATIGO PETROLEUM",NA,"ft.","MID-CON"
"292","9262A","Shackelford","Oil/Gas","2017-07-05","active","COOK RANCH",32.80130712,-99.35371355,NA,NA,"2019-07-05","Texas","4241739620","2017-07-05","COOK 62/83",NA,NA,NA,NA,NA,"V","STASNEY WELL SERVICE",NA,"ft.","PERMIAN BASIN"
"293","H  1","Shelby","Gas","2017-07-05","active","CARTHAGE (HAYNESVILLE SHALE)",31.71062428,-93.84875064,"HAYNESVILLE SHALE",NA,"2019-07-05","Texas","4241931762","2017-07-05","MARANON",NA,NA,NA,NA,NA,"H","XTO ENERGY",NA,"ft.","ARKLATEX"
"294","5","Shelby","Other/Unknown","2017-07-05","active","JOAQUIN (PETTIT)",31.93321449,-93.98679199,"PETTIT",NA,"2019-07-05","Texas","4241931781","2017-07-05","HARVCO",NA,NA,NA,NA,NA,"V","PRODUCED WATER TRANSFER",NA,"ft.","ARKLATEX"
"295","45","Stonewall","Oil","2017-07-05","active","CORSICA (BEND CONGLOMERATE)",33.12016188,-100.06292443,"BEND CONGLOMERATE",NA,"2019-07-05","Texas","4243334125","2017-07-05","CORSICA UNIT",NA,NA,NA,NA,NA,"V","J O C OPERATING",NA,"ft.","PERMIAN BASIN"
"296","35W","Stonewall","Injector","2017-07-05","active","CORSICA (BEND CONGLOMERATE)",33.11658757,-100.06673925,"BEND CONGLOMERATE",NA,"2019-07-05","Texas","4243301530","2017-07-05","CORSICA UNIT",NA,NA,NA,NA,NA,"V","J O C OPERATING",NA,"ft.","PERMIAN BASIN"
"297","31","Throckmorton","Oil","2017-07-05","active","THROCKMORTON COUNTY REGULAR",32.98998009,-99.1615703,NA,NA,"2019-07-05","Texas","4244736728","2017-07-05","WBRR 233",NA,NA,NA,NA,NA,"V","DRAKE PETR",NA,"ft.","PERMIAN BASIN"
"298","32","Throckmorton","Oil","2017-07-05","active","THROCKMORTON COUNTY REGULAR",32.99051793,-99.16240956,NA,NA,"2019-07-05","Texas","4244736729","2017-07-05","WBRR 233",NA,NA,NA,NA,NA,"V","DRAKE PETR",NA,"ft.","PERMIAN BASIN"
"299","29","Throckmorton","Oil","2017-07-05","active","THROCKMORTON COUNTY REGULAR",32.98943462,-99.16063186,NA,NA,"2019-07-05","Texas","4244736730","2017-07-05","WBRR 233",NA,NA,NA,NA,NA,"V","DRAKE PETR",NA,"ft.","PERMIAN BASIN"
"300","57","Throckmorton","Oil","2017-07-05","active","THROCKMORTON COUNTY REGULAR",32.98974739,-99.16295125,NA,NA,"2019-07-05","Texas","4244736731","2017-07-05","WBRR 233",NA,NA,NA,NA,NA,"V","DRAKE PETR",NA,"ft.","PERMIAN BASIN"
"301","58","Throckmorton","Oil","2017-07-05","active","THROCKMORTON COUNTY REGULAR",32.98912563,-99.16167711,NA,NA,"2019-07-05","Texas","4244736732","2017-07-05","WBRR 233",NA,NA,NA,NA,NA,"V","DRAKE PETR",NA,"ft.","PERMIAN BASIN"
"302","3801BH","Upton","Oil/Gas","2017-07-05","active","SPRABERRY (TREND AREA)",31.50410296,-102.12333311,"TREND AREA",NA,"2019-07-05","Texas","4246140258","2017-07-05","NEAL RANCH 38 C UNIT",NA,NA,NA,NA,NA,"H","CONCHO O&G",NA,"ft.","PERMIAN BASIN"
"303","2H","Ward","Oil/Gas","2017-07-05","active","PHANTOM (WOLFCAMP)",31.42475379,-103.0779381,"WOLFCAMP",NA,"2019-07-05","Texas","4247537228","2017-07-05","STATE 5913A GG HOUSTON",NA,NA,NA,NA,NA,"H","JAGGED PEAK ENERGY",NA,"ft.","PERMIAN BASIN"
"304","7LA","Ward","Oil/Gas","2017-07-05","active","PHANTOM (WOLFCAMP)",31.50546564,-103.31124538,"WOLFCAMP",NA,"2019-07-05","Texas","4247537267","2017-07-05","SARATOGA A1",NA,NA,NA,NA,NA,"H","CALLON PETROLEUM",NA,"ft.","PERMIAN BASIN"
"305","31H","Webb","Gas","2017-07-05","active","BRISCOE RANCH (EAGLEFORD)",27.9305646,-99.49337437,"EAGLEFORD",NA,"2019-07-05","Texas","4247943734","2017-07-05","CERRITO",NA,NA,NA,NA,NA,"H","ESCONDIDO RESOURCES OPER CO",NA,"ft.","GULF COAST"
"306","32H","Webb","Gas","2017-07-05","active","BRISCOE RANCH (EAGLEFORD)",27.93052837,-99.49335148,"EAGLEFORD",NA,"2019-07-05","Texas","4247943735","2017-07-05","CERRITO",NA,NA,NA,NA,NA,"H","ESCONDIDO RESOURCES OPER CO",NA,"ft.","GULF COAST"
"307","34H","Webb","Gas","2017-07-05","active","OWEN (OLMOS)",27.93045398,-99.49331333,"OLMOS",NA,"2019-07-05","Texas","4247943742","2017-07-05","CERRITO MATRIX UNIT D",NA,NA,NA,NA,NA,"H","ESCONDIDO RESOURCES OPER CO",NA,"ft.","GULF COAST"
"308","33H","Webb","Gas","2017-07-05","active","BRISCOE RANCH (EAGLEFORD)",27.93049022,-99.49333622,"EAGLEFORD",NA,"2019-07-05","Texas","4247943736","2017-07-05","CERRITO",NA,NA,NA,NA,NA,"H","ESCONDIDO RESOURCES OPER CO",NA,"ft.","GULF COAST"
"309","35H","Webb","Gas","2017-07-05","active","OWEN (OLMOS)",27.93041584,-99.49329044,"OLMOS",NA,"2019-07-05","Texas","4247943743","2017-07-05","CERRITO MATRIX UNIT D",NA,NA,NA,NA,NA,"H","ESCONDIDO RESOURCES OPER CO",NA,"ft.","GULF COAST"
"310","W101CN","Winkler","Oil/Gas","2017-07-05","active","PHANTOM (WOLFCAMP)",31.75384938,-103.26007761,"WOLFCAMP",NA,"2019-07-05","Texas","4249533880","2017-07-05","UNIVERSITY B21 8",NA,NA,NA,NA,NA,"H","MEWBOURNE",NA,"ft.","PERMIAN BASIN"
"311","1","Winkler","Injector","2017-07-05","active","WINK, S. (BONE SPRINGS)",31.79855564,-103.26302391,"BONE SPRINGS",NA,"2019-07-05","Texas","4249533881","2017-07-05","ROARK 40-27",NA,NA,NA,NA,NA,"V","FELIX WATER",NA,"ft.","PERMIAN BASIN"
"312","101","Winkler","Oil/Gas","2017-07-05","active","KEYSTONE (CONSOLIDATED)",31.9039091,-103.09312765,"CONSOLIDATED",NA,"2019-07-05","Texas","4249533882","2017-07-05","STATE-WALTON 'E'",NA,NA,NA,NA,NA,"V","BLACKBEARD OPERATING",NA,"ft.","PERMIAN BASIN"
